trial,case,recovery_max_error,recovery_rms_error,recovery_mean_error,noise_max_deviation,noise_rms_deviation,noise_mean_deviation,receiver_min_voltage_V,receiver_max_voltage_V
0,Laser RIN,0.019490196078431277,0.005760416763144067,0.0008930304795185369,0.0235294117647058,0.0053502990514770424,0.0008542030673655592,0.02544470654455976,0.9727673978823668
0,PD dark + shot,0.013647058823529457,0.004273229910671332,-0.0003494467093768221,0.015686274509804088,0.004345202044973877,-0.00038827412152979976,0.025084555652799503,0.9752809322863166
0,TIA noise,0.008901960784313823,0.003648965252190843,0.0001164822364589374,0.007843137254901933,0.0017450751352548362,7.765482430595974e-05,0.025585310242830547,0.9745887466731508
0,FULL,0.019490196078431277,0.005960731308963354,0.00019413706076489714,0.015686274509804088,0.005943511743165189,0.00015530964861191948,0.025247999883479692,0.9735021670024614
1,Laser RIN,0.014647058823529346,0.005575047362848923,-0.0005047563579887404,0.015686274509803866,0.004747117597539248,-0.0005435837701417181,0.02546381457309126,0.978028594457572
1,PD dark + shot,0.0117647058823529,0.0044051699021792155,3.882741215297437e-05,0.007843137254902155,0.004129601491068408,-3.29769215235195e-18,0.02519348819136691,0.9738724139059834
1,TIA noise,0.00768627450980397,0.0035198267137005533,-3.882741215298316e-05,0.007843137254902044,0.0013517293873445335,-7.765482430596084e-05,0.025249206991365764,0.974644673234629
1,FULL,0.01741176470588246,0.006158239480453507,-0.0001164822364589374,0.015686274509804088,0.005943511743165198,-0.00015530964861191506,0.025041637015783012,0.9774175927145552
2,Laser RIN,0.014529411764706013,0.005527045126752991,0.0003494467093768177,0.007843137254902155,0.004414729692425358,0.00031061929722384004,0.02545213318686609,0.9722147913581549
2,PD dark + shot,0.01431372549019605,0.005160323940522893,0.00019413706076489714,0.007843137254902155,0.00412960149106841,0.00015530964861191948,0.025198219180324572,0.9725862565547599
2,TIA noise,0.009450980392156971,0.003712260276102951,-3.8827412152982065e-05,0.007843137254901933,0.0007804213256548906,-7.765482430595974e-05,0.025275629007518754,0.9745431697780896
2,FULL,0.017294117647058904,0.006954581468524698,-0.0001164822364589429,0.015686274509803866,0.005840138435865083,-0.00015530964861192056,0.025063229306975257,0.9714644719363159
3,Laser RIN,0.012980392156862752,0.005722226832652185,0.00019413706076489823,0.015686274509804088,0.005406917549378142,0.00015530964861192056,0.025542972684697265,0.9763806166336192
3,PD dark + shot,0.015529411764705903,0.004886619363581993,0.0004271015336827796,0.007843137254902155,0.004055188162033592,0.00038827412152980193,0.02497812900616435,0.9735727141107577
3,TIA noise,0.009450980392156971,0.003755891650579692,-3.882741215298316e-05,0.007843137254902044,0.0007804213256549018,-7.765482430596084e-05,0.025136637878489448,0.9747777840876627
3,FULL,0.018843137254902054,0.006465571082795911,0.00027179188507086237,0.02352941176470602,0.006095285405766784,0.0002329644729178847,0.024792428606685072,0.9755861497497008
4,Laser RIN,0.018843137254902054,0.006119048791817411,3.882741215298097e-05,0.015686274509804088,0.005406917549378132,3.29769215235195e-18,0.02558113893493623,0.9810684976748512
4,PD dark + shot,0.012215686274509752,0.005551509560149194,-0.00042710153368278513,0.015686274509804088,0.0046825279539293736,-0.0004659289458357628,0.025479012656489584,0.9762418682541858
4,TIA noise,0.009450980392156971,0.0038142219047806484,0.0001164822364589374,0.007843137254901933,0.0013517293873445272,7.765482430595974e-05,0.025583752724825968,0.9744838294480224
4,FULL,0.019490196078431277,0.006818826661864105,-0.0004271015336827862,0.015686274509804088,0.006145043663253368,-0.0004659289458357639,0.025779099735303127,0.9826608540660943
5,Laser RIN,0.017274509803921645,0.005625076528181889,0.00027179188507085684,0.015686274509804088,0.0053502990514770615,0.0002329644729178792,0.025290117776628478,0.9733084246676412
5,PD dark + shot,0.01198039215686264,0.004668626386936328,3.882741215297657e-05,0.007843137254902155,0.004129601491068413,-1.09923071745065e-18,0.025014085472433552,0.9747626385703759
5,TIA noise,0.00768627450980397,0.003465331036282022,-3.882741215298316e-05,0.007843137254902044,0.001745075135254841,-7.765482430596084e-05,0.025530083976746838,0.9745869241664844
5,FULL,0.016960784313725608,0.005573681607507765,-3.882741215298756e-05,0.015686274509804088,0.00523522540576454,-7.765482430596523e-05,0.02497115421111245,0.9735454878250789
6,Laser RIN,0.019823529411764795,0.006004253646673354,0.0005047563579887382,0.015686274509804088,0.0054069175493781435,0.00046592894583576057,0.025385052327810853,0.9755644919205209
6,PD dark + shot,0.014529411764706013,0.004669930779969747,0.000116482236458933,0.007843137254902155,0.004055188162033594,7.765482430595533e-05,0.025404588361148277,0.9746608727159852
6,TIA noise,0.009450980392156971,0.003834924207171261,0.0001164822364589374,0.007843137254901933,0.0013517293873445272,7.765482430595974e-05,0.02541786241549087,0.9745064936610531
6,FULL,0.027666666666666728,0.006247835091991571,3.882741215297767e-05,0.02352941176470602,0.0056276982122286075,0.0,0.02534116974307257,0.975597837627657
7,Laser RIN,0.015411764705882236,0.005916116780459888,-3.882741215298646e-05,0.015686274509804088,0.0055733230412729675,-7.765482430596413e-05,0.025420434487221952,0.9769692702933906
7,PD dark + shot,0.011647058823529344,0.004702746803699409,0.00019413706076490373,0.007843137254902155,0.003979383568338259,0.00015530964861192606,0.025554632479923338,0.9733650146774889
7,TIA noise,0.009450980392156971,0.0035849775108204134,-3.8827412152982065e-05,0.007843137254901933,0.0013517293873445272,-7.765482430595974e-05,0.025433096841691906,0.9746483372259193
7,FULL,0.017294117647058904,0.006586199429367417,-0.0002717918850708657,0.015686274509804088,0.006145043663253375,-0.00031061929722384334,0.025543565774102907,0.9758362256803463
8,Laser RIN,0.02194117647058824,0.006362303787359082,-0.0002717918850708536,0.0235294117647058,0.005734902096722729,-0.00031061929722383126,0.025349815958474648,0.9751666052501637
8,PD dark + shot,0.012313725490196048,0.004884749438934235,-3.882741215298316e-05,0.007843137254902155,0.003742769195041247,-7.765482430596084e-05,0.025874973563255025,0.9759339556800577
8,TIA noise,0.009450980392156971,0.003658550125108711,-0.0001164822364589418,0.007843137254901933,0.0011036824231063361,-0.00015530964861191948,0.02546719216249907,0.9745410132497936
8,FULL,0.023372549019607836,0.006793098631211308,-0.0013589594253542974,0.0235294117647058,0.005627698212228592,-0.0013977868375072752,0.02582488719507687,0.9748336185990215
9,Laser RIN,0.016745098039215645,0.005171524348370184,0.0001164822364589374,0.015686274509804088,0.004997134705710321,7.765482430595974e-05,0.025344565899871142,0.9739880815093664
9,PD dark + shot,0.017294117647058904,0.005213457601184137,-3.882741215298316e-05,0.015686274509803866,0.004747117597539257,-7.765482430596084e-05,0.025503376555083737,0.9696885838926955
9,TIA noise,0.009450980392156971,0.003651051060699459,3.882741215297657e-05,0.007843137254902044,0.001560842651309787,-1.09923071745065e-18,0.025449788773735636,0.9742478557920764
9,FULL,0.02403921568627443,0.006198165053425178,-0.00027179188507086237,0.0235294117647058,0.006145043663253366,-0.00031061929722384004,0.025431524293760454,0.9687863457072978
10,Laser RIN,0.022803921568627317,0.005550960981845625,-0.0001164822364589429,0.0235294117647058,0.005406917549378132,-0.00015530964861192056,0.025476450730471344,0.9733287970129535
10,PD dark + shot,0.015529411764705903,0.004790004762590044,-0.0003494467093768166,0.007843137254902155,0.0039021066282744796,-0.0003882741215297943,0.025194963337183292,0.9745932734640652
10,TIA noise,0.00768627450980397,0.00359473300250865,3.882741215297767e-05,0.007843137254901933,0.0011036824231063361,0.0,0.02547473807356507,0.9747305388889033
10,FULL,0.017078431372549163,0.006780759412915526,-0.0008153756552125838,0.015686274509804088,0.0061944022366026115,-0.0008542030673655615,0.025279190538753386,0.973521654148974
11,Laser RIN,0.013431372549019605,0.005638324664477849,-0.0005824111822946991,0.015686274509803866,0.0045505992076050866,-0.0006212385944476767,0.025415656286701647,0.9793671444326427
11,PD dark + shot,0.009764705882353009,0.004192291049441469,0.000582411182294698,0.007843137254902155,0.004202697457653994,0.0005435837701417203,0.025056889209741945,0.9748282414336988
11,TIA noise,0.009450980392156971,0.0036397734946953964,3.882741215297657e-05,0.007843137254902044,0.001103682423106344,-1.09923071745065e-18,0.025452979910269524,0.9745171128566669
11,FULL,0.013431372549019605,0.005843608246305285,-0.00027179188507085684,0.015686274509804088,0.005176729431178093,-0.0003106192972238345,0.025058339585061085,0.9795814999722718
12,Laser RIN,0.015176470588235236,0.0051744677946685995,-0.0006600660066006621,0.015686274509803866,0.004873729616622238,-0.0006988934187536397,0.025493696157894395,0.979834225616765
12,PD dark + shot,0.012882352941176345,0.004242475594258057,-0.000582411182294698,0.015686274509803866,0.0038232680644818234,-0.0006212385944476756,0.025404647255200065,0.9743762886110514
12,TIA noise,0.009450980392156971,0.0038261792111372755,3.882741215297767e-05,0.0,0.0,0.0,0.025434622353506423,0.9745571736730245
12,FULL,0.020725490196078278,0.0057163697925620115,-0.000582411182294698,0.0235294117647058,0.0056276982122286075,-0.0006212385944476756,0.025468925650800417,0.9796414991439182
13,Laser RIN,0.01760784313725494,0.005394882916916863,0.0003494467093768199,0.015686274509804088,0.004810840148082647,0.0003106192972238422,0.02535596920991157,0.9707456044019834
13,PD dark + shot,0.015529411764705903,0.004985332558354907,-0.00027179188507086893,0.007843137254902155,0.004550599207605079,-0.0003106192972238466,0.025874415525599638,0.9709789767424883
13,TIA noise,0.009450980392156971,0.003679300664435727,0.0001164822364589374,0.007843137254901933,0.0013517293873445272,7.765482430595974e-05,0.025350959937714312,0.9744411837373189
13,FULL,0.018058823529411794,0.0065153058499932024,-0.00011648223645894619,0.015686274509804088,0.006340172821417259,-0.00015530964861192387,0.025716035926885848,0.9670395036848203
14,Laser RIN,0.013960784313725494,0.005380752486953583,0.0004271015336827818,0.015686274509804088,0.005117564866036232,0.00038827412152980415,0.02533370857948334,0.973942947666704
14,PD dark + shot,0.011647058823529344,0.0046115282025789425,-0.0004271015336827862,0.007843137254902155,0.004414729692425366,-0.0004659289458357639,0.02590625342744591,0.9733186033190724
14,TIA noise,0.009450980392156971,0.0037327122470016613,-0.0001164822364589418,0.007843137254901933,0.0011036824231063361,-0.00015530964861191948,0.025506846330390832,0.9745936676449194
14,FULL,0.014196078431372494,0.006226596449739824,-0.00034944670937682757,0.015686274509803866,0.005994529947100063,-0.00038827412152980524,0.02588056600529487,0.9727236111765991
15,Laser RIN,0.012980392156862752,0.0049052794047021965,0.000349446709376821,0.015686274509804088,0.0048108401480826376,0.00031061929722384334,0.02544412900340712,0.9758662795056637
15,PD dark + shot,0.012980392156862752,0.005077332767763952,0.0005047563579887361,0.015686274509803866,0.004810840148082626,0.0004659289458357584,0.025584172489090125,0.9697063547806518
15,TIA noise,0.00768627450980397,0.003615849792332238,-3.8827412152982065e-05,0.007843137254901933,0.0013517293873445272,-7.765482430595974e-05,0.025560863963668645,0.9746155156253264
15,FULL,0.014196078431372494,0.005687261845343315,0.0005824111822947002,0.015686274509804088,0.005573323041272949,0.0005435837701417226,0.025724009881056564,0.9710569328846114
16,Laser RIN,0.023372549019607836,0.005405597339970247,-0.00019413706076490704,0.015686274509804088,0.004997134705710324,-0.0002329644729178847,0.025558284602903547,0.9738087677849278
16,PD dark + shot,0.01198039215686264,0.004621752510383826,0.0005824111822946957,0.007843137254902155,0.0039021066282744665,0.0005435837701417181,0.02481760740419634,0.9716039212844044
16,TIA noise,0.009450980392156971,0.0037740906210821236,0.0001164822364589374,0.007843137254901933,0.0007804213256548906,7.765482430595974e-05,0.025469447694677527,0.9747982886971402
16,FULL,0.023372549019607836,0.0061272548988234345,3.882741215297327e-05,0.015686274509804088,0.005840138435865093,-4.3969228698026e-18,0.02497819541171783,0.9710952131532646
17,Laser RIN,0.01862745098039209,0.005789945893927841,-0.00011648223645894509,0.015686274509803866,0.005293074956459545,-0.00015530964861192276,0.025392004754259026,0.983291946677826
17,PD dark + shot,0.012647058823529345,0.004394441712323346,-0.00027179188507086015,0.007843137254902155,0.003979383568338252,-0.0003106192972238378,0.025510033868394212,0.9750391322709877
17,TIA noise,0.009450980392156971,0.003679300664435727,0.00027179188507085684,0.007843137254901933,0.0013517293873445272,0.0002329644729178792,0.025365738628632194,0.9743758784303215
17,FULL,0.01862745098039209,0.0066131929904576885,-0.00042710153368278513,0.015686274509804088,0.006435519116319363,-0.0004659289458357628,0.025403259837932946,0.9835504872831577
18,Laser RIN,0.01429411764705879,0.004775678768551072,0.0006600660066006555,0.015686274509804088,0.004682527953929369,0.0006212385944476779,0.02555319971479619,0.9745979101376462
18,PD dark + shot,0.010666666666666602,0.0047645065481559,-0.0005824111822947024,0.007843137254902155,0.004129601491068398,-0.0006212385944476801,0.025490630349734887,0.9751575859732668
18,TIA noise,0.00768627450980397,0.0035392397516593676,-3.8827412152982065e-05,0.007843137254901933,0.0013517293873445272,-7.765482430595974e-05,0.025480162019231083,0.9747052029404326
18,FULL,0.01741176470588246,0.005635083102788028,-0.00027179188507086237,0.015686274509804088,0.005518412115531704,-0.00031061929722384004,0.025658172410143707,0.9753136019115177
19,Laser RIN,0.011098039215686306,0.004785234196695077,0.0002717918850708503,0.007843137254902155,0.0044831791959187945,0.0002329644729178726,0.02538694544921467,0.9742429169593585
19,PD dark + shot,0.012647058823529456,0.004835562737305956,0.00019413706076489714,0.007843137254902155,0.004550599207605077,0.00015530964861191948,0.024858065395496162,0.97739513125399
19,TIA noise,0.00768627450980397,0.0035413901868989604,0.00019413706076489714,0.007843137254901933,0.0015608426513097813,0.00015530964861191948,0.02541474396475467,0.9744650502655144
19,FULL,0.018058823529411794,0.005741883939890573,0.00019413706076489384,0.015686274509804088,0.005293074956459552,0.00015530964861191617,0.02479665128324987,0.9769563324883933
20,Laser RIN,0.013431372549019605,0.005412072080832828,0.00019413706076489273,0.015686274509804088,0.004550599207605084,0.00015530964861191506,0.02552046825400282,0.9747616991931437
20,PD dark + shot,0.014196078431372494,0.004634583311271773,-0.00027179188507086676,0.007843137254902155,0.0045505992076050866,-0.00031061929722384443,0.025420153087502406,0.977752973816656
20,TIA noise,0.00768627450980397,0.00354139018689896,3.882741215297767e-05,0.007843137254901933,0.0015608426513097813,0.0,0.02554928346768584,0.9745670097474101
20,FULL,0.014196078431372494,0.005812518228461117,0.0002717918850708536,0.015686274509804088,0.005117564866036236,0.0002329644729178759,0.02562568742738309,0.977953741118722
21,Laser RIN,0.015745098039215644,0.005327286675884112,0.00042710153368277743,0.015686274509803866,0.004997134705710316,0.00038827412152979976,0.025201320338066754,0.9696891389614491
21,PD dark + shot,0.011980392156862751,0.005097684529871603,0.00019413706076489823,0.007843137254902155,0.00441472969242537,0.00015530964861192056,0.025440796792066987,0.9730989335897928
21,TIA noise,0.009450980392156971,0.003584977510820411,0.00027179188507085684,0.007843137254901933,0.0013517293873445272,0.0002329644729178792,0.025445971427867118,0.9746417034411086
21,FULL,0.01915686274509798,0.006178234518376478,0.001203649776742376,0.0235294117647058,0.006194402236602601,0.0011648223645893982,0.025222661374656005,0.968301109447338
22,Laser RIN,0.013647058823529457,0.005090510845939505,0.00019413706076489823,0.015686274509804088,0.0046825279539293605,0.00015530964861192056,0.025526208740700423,0.9713367663989848
22,PD dark + shot,0.010215686274509861,0.0045430015622139035,0.00019413706076490042,0.007843137254902155,0.004129601491068404,0.00015530964861192276,0.02509321063995137,0.9732699038175223
22,TIA noise,0.009450980392156971,0.0036397734946953943,3.882741215297767e-05,0.007843137254901933,0.0011036824231063361,0.0,0.025281087384478762,0.9746747901720185
22,FULL,0.014960784313725384,0.005280492544160992,0.00019413706076489934,0.015686274509804088,0.005627698212228598,0.00015530964861192167,0.025032333658532687,0.9701526407360577
23,Laser RIN,0.015529411764705903,0.005791786465781142,-0.0001164822364589418,0.015686274509803866,0.00517672943117808,-0.00015530964861191948,0.025443576718805233,0.9734394307828037
23,PD dark + shot,0.011098039215686306,0.004245345859373163,-0.00019413706076490923,0.007843137254902155,0.003576339798771335,-0.0002329644729178869,0.025407726470481284,0.9731085072470766
23,TIA noise,0.009450980392156971,0.003945302862006316,3.882741215297767e-05,0.007843137254901933,0.0011036824231063361,0.0,0.02553450920182372,0.9745423775688634
23,FULL,0.021607843137254945,0.006612502224374342,-0.0006600660066006621,0.0235294117647058,0.006095285405766762,-0.0006988934187536397,0.025520150257975188,0.9719580759919291
24,Laser RIN,0.016196078431372496,0.005890064834111993,0.000504756357988735,0.015686274509803866,0.005518412115531685,0.00046592894583575727,0.025540559440112683,0.970551215504555
24,PD dark + shot,0.013647058823529457,0.00445329788796364,3.882741215297657e-05,0.007843137254902044,0.004414729692425351,-1.09923071745065e-18,0.02491511644791896,0.9763417013393677
24,TIA noise,0.009450980392156971,0.0037530527681209637,0.0001164822364589374,0.007843137254901933,0.0013517293873445272,7.765482430595974e-05,0.025565584725771147,0.9744346143634184
24,FULL,0.016196078431372496,0.006345769036447316,0.0005824111822946903,0.015686274509803866,0.006095285405766758,0.0005435837701417126,0.02515470885719087,0.9735203450745357
25,Laser RIN,0.021274509803921537,0.005989018669191894,3.882741215297767e-05,0.015686274509804088,0.005293074956459553,0.0,0.025567301358001615,0.9736556289486488
25,PD dark + shot,0.015196078431372606,0.004836192465243421,3.882741215297657e-05,0.007843137254902155,0.00427454364419271,-1.09923071745065e-18,0.024927869630666094,0.9721376529423787
25,TIA noise,0.00768627450980397,0.00359473300250865,3.882741215297767e-05,0.007843137254901933,0.0011036824231063361,0.0,0.025477714574887053,0.9745347093681735
25,FULL,0.01739215686274498,0.0061260122558657384,-0.00019413706076490593,0.015686274509803866,0.00546294927958425,-0.0002329644729178836,0.025105330545275084,0.9711933689531407
26,Laser RIN,0.0224901960784315,0.00621239701634618,0.0001164822364589374,0.02352941176470602,0.005462949279584253,7.765482430595974e-05,0.02551625130963553,0.9704560000191075
26,PD dark + shot,0.013431372549019605,0.004606903335429704,-0.0005047563579887449,0.007843137254902155,0.004202697457653982,-0.0005435837701417226,0.02556475246833872,0.9728592856987348
26,TIA noise,0.009450980392156971,0.0037445232071011483,-3.882741215298316e-05,0.007843137254902044,0.0013517293873445335,-7.765482430596084e-05,0.025249348448273937,0.9747312537863291
26,FULL,0.030333333333333434,0.006602362685382979,-3.882741215298646e-05,0.031372549019607954,0.005994529947100066,-7.765482430596413e-05,0.02546483809200841,0.9689157183587239
27,Laser RIN,0.015529411764705903,0.006551429602708623,-0.000815375655212586,0.015686274509804088,0.005787759454619016,-0.0008542030673655636,0.02541909692807588,0.9744384160212387
27,PD dark + shot,0.017294117647058904,0.005122118811464879,-0.0003494467093768232,0.007843137254902155,0.004345202044973879,-0.00038827412152980085,0.024876296304434775,0.9726331877268983
27,TIA noise,0.009450980392156971,0.0036397734946953943,3.882741215297767e-05,0.007843137254901933,0.0011036824231063361,0.0,0.025383011533046347,0.9746709537184115
27,FULL,0.02194117647058824,0.006988652817951821,-0.0012813046010483487,0.0235294117647058,0.0064826664068150935,-0.0013201320132013264,0.02481375024575051,0.9753859616315069
28,Laser RIN,0.016745098039215645,0.0062806494180505405,0.00042710153368277304,0.015686274509803866,0.005787759454619008,0.00038827412152979537,0.025387051871146076,0.9726588022916739
28,PD dark + shot,0.011980392156862751,0.0045820477736397535,-0.0008153756552125827,0.007843137254902155,0.00461703482700672,-0.0008542030673655604,0.026142972954245898,0.9750724652476961
28,TIA noise,0.009450980392156971,0.0036606304722098565,0.0001164822364589374,0.007843137254901933,0.0013517293873445272,7.765482430595974e-05,0.02545480008859569,0.9744265687924656
28,FULL,0.0245882352941178,0.006983421891623163,-0.0005824111822947024,0.02352941176470602,0.0068035553838274665,-0.0006212385944476801,0.02611770492095895,0.9730256484615328
29,Laser RIN,0.014098039215686309,0.004859748357986617,3.882741215297217e-05,0.015686274509804088,0.0050577082470770855,-5.4961535872532505e-18,0.02553247027731301,0.9734433150872567
29,PD dark + shot,0.012980392156862752,0.005401088594556699,-0.00019413706076490262,0.007843137254902155,0.004617034827006721,-0.00023296447291788029,0.02592444916548992,0.9746551994673047
29,TIA noise,0.00768627450980397,0.0036158497923322384,0.0001164822364589374,0.007843137254901933,0.0013517293873445272,7.765482430595974e-05,0.0252547379221224,0.9744619694700387
29,FULL,0.01741176470588246,0.006433699996965137,0.00019413706076489164,0.015686274509804088,0.006243370605239146,0.00015530964861191397,0.025845320287189288,0.9734183964863254
30,Laser RIN,0.016745098039215645,0.00571450492997615,-0.00019413706076490593,0.015686274509803866,0.004617034827006716,-0.0002329644729178836,0.025469677328415995,0.976567905532933
30,PD dark + shot,0.015196078431372606,0.005312689872224848,-0.0003494467093768188,0.007843137254902155,0.00448317919591879,-0.00038827412152979646,0.025422172591275712,0.9796252148016132
30,TIA noise,0.009450980392156971,0.0035658134875288,-3.882741215298316e-05,0.007843137254902044,0.0013517293873445335,-7.765482430596084e-05,0.025327172016289583,0.9747964968567071
30,FULL,0.01917647058823535,0.00673004521452964,-0.00027179188507086237,0.015686274509803866,0.005518412115531704,-0.00031061929722384004,0.025353983138318388,0.9818639223007256
31,Laser RIN,0.018294117647058794,0.00585454177539541,0.00019413706076489823,0.015686274509804088,0.005406917549378129,0.00015530964861192056,0.025438288269531293,0.9727698848080067
31,PD dark + shot,0.014196078431372494,0.004437885099199347,-0.00011648223645894399,0.007843137254902155,0.004274543644192704,-0.00015530964861192167,0.025445983218441593,0.9731526402390883
31,TIA noise,0.009450980392156971,0.0036082619847526,0.0001164822364589363,0.007843137254902044,0.001745075135254841,7.765482430595863e-05,0.025505590504869877,0.9743742057844551
31,FULL,0.026137254901960727,0.007132921236435108,-0.00019413706076489823,0.0235294117647058,0.006936536469839851,-0.0002329644729178759,0.02552681033413624,0.9711725239443987
32,Laser RIN,0.014647058823529346,0.005627512197494725,-0.0010483401281304674,0.015686274509803866,0.005057708247077081,-0.0010871675402834451,0.025233475206700176,0.9784255765883699
32,PD dark + shot,0.0117647058823529,0.004724390092272213,-0.00019413706076490262,0.007843137254902044,0.0040551881620335874,-0.00023296447291788029,0.026042826760780926,0.9767931678352052
32,TIA noise,0.00768627450980397,0.00359473300250865,3.882741215297767e-05,0.007843137254901933,0.0011036824231063361,0.0,0.025282475375830712,0.9745280257096751
32,FULL,0.018509803921568757,0.006166640354711597,-0.0006600660066006698,0.015686274509804088,0.005787759454619011,-0.0006988934187536474,0.025691262293290516,0.9806219679491448
33,Laser RIN,0.017960784313725497,0.005397422465611761,-0.0003494467093768221,0.015686274509804088,0.004873729616622236,-0.00038827412152979976,0.02542680097351744,0.973890584115312
33,PD dark + shot,0.0117647058823529,0.004701451515308252,0.00027179188507085245,0.007843137254902155,0.00448317919591879,0.0002329644729178748,0.025998069028719716,0.9732388028767776
33,TIA noise,0.009450980392156971,0.003755891650579692,-3.882741215298316e-05,0.007843137254902044,0.0007804213256549018,-7.765482430596084e-05,0.025449319365316837,0.9747701585494422
33,FULL,0.017960784313725497,0.006714189339278072,3.8827412152978765e-05,0.015686274509804088,0.0065294732703018105,1.09923071745065e-18,0.026010295933253845,0.972771246387373
34,Laser RIN,0.014647058823529346,0.005114086268691101,0.000582411182294698,0.015686274509803866,0.0046170348270067225,0.0005435837701417203,0.025357061649628698,0.9779294092164911
34,PD dark + shot,0.01429411764705879,0.005220754001103357,-0.00027179188507086454,0.015686274509803866,0.004550599207605079,-0.0003106192972238422,0.02538381980431996,0.9732153621254351
34,TIA noise,0.010215686274509861,0.0036560521460404292,0.00019413706076489934,0.007843137254902155,0.0015608426513097923,0.00015530964861192167,0.02547685807972229,0.9746353265105631
34,FULL,0.014647058823529346,0.006064810861703313,0.0005047563579887361,0.015686274509804088,0.0056276982122286014,0.0004659289458357584,0.025353541913269342,0.976646317859076
35,Laser RIN,0.01741176470588246,0.005453830947605106,0.00011648223645892971,0.015686274509804088,0.004617034827006717,7.765482430595204e-05,0.02547630018569075,0.9740193099097858
35,PD dark + shot,0.014196078431372494,0.005294315375557891,0.0004271015336827752,0.007843137254902155,0.004345202044973881,0.00038827412152979754,0.025235802050303974,0.9768349196532241
35,TIA noise,0.009450980392156971,0.0037327122470016613,3.882741215297767e-05,0.007843137254901933,0.0011036824231063361,0.0,0.025615963126181543,0.9745220448453468
35,FULL,0.018843137254902054,0.006451897609810696,0.0006600660066006544,0.015686274509804088,0.00573490209672275,0.0006212385944476767,0.025462700013162712,0.9762430747689472
36,Laser RIN,0.017078431372549163,0.006144129891745319,-0.0010483401281304653,0.015686274509804088,0.0051767294311780895,-0.0010871675402834428,0.02550312066155229,0.9762601824533421
36,PD dark + shot,0.012215686274509752,0.00467123480876519,0.0005047563579887393,0.007843137254902155,0.003979383568338252,0.0004659289458357617,0.025451520811547203,0.9733400655475921
36,TIA noise,0.009450980392156971,0.003793807993335535,-0.00019413706076490262,0.007843137254902044,0.001745075135254841,-0.00023296447291788029,0.02537990041122317,0.9744589554279192
36,FULL,0.018490196078431387,0.0069326527880443235,-0.0014366142496602683,0.015686274509804088,0.005787759454619009,-0.001475441661813246,0.025470358329761515,0.9749272891032921
37,Laser RIN,0.01639215686274509,0.006073842369409269,0.0001164822364589374,0.015686274509804088,0.005573323041272965,7.765482430595974e-05,0.02531037849361627,0.9684649248004173
37,PD dark + shot,0.012549019607843048,0.005035777834375648,-0.0005047563579887459,0.007843137254902155,0.004055188162033596,-0.0005435837701417237,0.025492862052486756,0.9755313170988644
37,TIA noise,0.00768627450980397,0.0035198267137005507,0.0001164822364589374,0.007843137254901933,0.0013517293873445272,7.765482430595974e-05,0.02538813833164038,0.9745267269661428
37,FULL,0.02423529411764702,0.006733438044418952,-0.0002717918850708657,0.0235294117647058,0.0062433706052391555,-0.00031061929722384334,0.025326763927273635,0.969378514851488
38,Laser RIN,0.021274509803921537,0.0059443602982225344,-0.0004271015336827829,0.015686274509804088,0.004935817847274929,-0.00046592894583576057,0.025469705893555947,0.9776466335435338
38,PD dark + shot,0.0117647058823529,0.0049902169605175,0.000116482236458933,0.007843137254902155,0.004202697457653994,7.765482430595533e-05,0.025458228511270553,0.9738356041340492
38,TIA noise,0.009450980392156971,0.0036606304722098565,0.0001164822364589374,0.007843137254901933,0.0013517293873445272,7.765482430595974e-05,0.025481565990603923,0.9744970466540085
38,FULL,0.021274509803921537,0.006536072282511852,-0.0005047563579887459,0.015686274509804088,0.005892051798448967,-0.0005435837701417237,0.025545610191250772,0.976842970352152
39,Laser RIN,0.014647058823529346,0.005288848158015381,-0.0007377208309066252,0.015686274509803866,0.0046825279539293605,-0.0007765482430596028,0.02527083991228271,0.9751517486521605
39,PD dark + shot,0.012215686274509752,0.004531255691451209,-0.0004271015336827829,0.007843137254902155,0.004274543644192708,-0.00046592894583576057,0.025496827350327708,0.9776950358263331
39,TIA noise,0.009450980392156971,0.003702814436519231,3.882741215297767e-05,0.007843137254901933,0.0011036824231063361,0.0,0.025470827375113633,0.974712588561281
39,FULL,0.014647058823529346,0.005845431921328059,-0.0006600660066006643,0.015686274509803866,0.005573323041272952,-0.000698893418753642,0.0253726133096908,0.9784308066387855
40,Laser RIN,0.014098039215686309,0.005690473683642701,3.882741215298426e-05,0.015686274509803977,0.005176729431178085,6.5953843047039e-18,0.025498555426763415,0.9732496070433023
40,PD dark + shot,0.011647058823529344,0.005250998210980079,0.00019413706076489823,0.007843137254902155,0.0045505992076050866,0.00015530964861192056,0.025219601531086714,0.9770175855688192
40,TIA noise,0.009450980392156971,0.0037530527681209637,-3.8827412152982065e-05,0.007843137254901933,0.0013517293873445272,-7.765482430595974e-05,0.0255352278670884,0.9744806736338486
40,FULL,0.01760784313725494,0.00636373956145362,0.00027179188507086237,0.015686274509804088,0.005462949279584258,0.0002329644729178847,0.025388004192409795,0.9756136749664319
41,Laser RIN,0.01431372549019605,0.004753308068540426,0.00019413706076490042,0.015686274509804088,0.004810840148082654,0.00015530964861192276,0.025380580483780356,0.9752908958200799
41,PD dark + shot,0.012215686274509752,0.004822950911767033,-3.882741215298426e-05,0.007843137254902155,0.004055188162033611,-7.765482430596193e-05,0.025409807938648245,0.9725469062912926
41,TIA noise,0.00768627450980397,0.003427779131838317,0.00019413706076489714,0.007843137254901933,0.001911634032240905,0.00015530964861191948,0.025405873657121554,0.9744849725527839
41,FULL,0.01431372549019605,0.005837351320832316,-0.00034944670937682426,0.015686274509803866,0.005573323041272957,-0.00038827412152980193,0.02533239393872958,0.9731931206272486
42,Laser RIN,0.021274509803921537,0.005321281076514473,0.00019413706076489492,0.015686274509804088,0.004810840148082637,0.00015530964861191725,0.025504921487663156,0.9713573770418094
42,PD dark + shot,0.012549019607843048,0.004598301955512874,-0.00011648223645894619,0.007843137254902155,0.0039793835683382545,-0.00015530964861192387,0.025727563460131362,0.9742741736109886
42,TIA noise,0.009450980392156971,0.0036606304722098565,0.0001164822364589374,0.007843137254901933,0.0013517293873445272,7.765482430595974e-05,0.02525419439625449,0.9743635423240369
42,FULL,0.021274509803921537,0.006528613305360772,-0.00042710153368278843,0.015686274509804088,0.005943511743165202,-0.0004659289458357661,0.02562375907028364,0.9708538837107358
43,Laser RIN,0.014647058823529346,0.005494164054073138,0.00019413706076489603,0.015686274509803866,0.004935817847274921,0.00015530964861191837,0.025317917030339542,0.9702689027665256
43,PD dark + shot,0.0117647058823529,0.004249289308249241,0.0004271015336827752,0.007843137254902155,0.0040551881620336004,0.00038827412152979754,0.025611900660049775,0.9765462439727677
43,TIA noise,0.009450980392156971,0.003796215327620747,0.0001164822364589374,0.007843137254901933,0.0013517293873445272,7.765482430595974e-05,0.02560309308066917,0.9745085256986129
43,FULL,0.014647058823529346,0.005778626662436443,0.0002717918850708547,0.015686274509804088,0.005573323041272955,0.000232964472917877,0.025664945482850025,0.9721965542243144
44,Laser RIN,0.016745098039215645,0.0053977045639344,-0.0005047563579887416,0.015686274509804088,0.004873729616622243,-0.0005435837701417192,0.025510084930249696,0.9753309101070113
44,PD dark + shot,0.015529411764705903,0.004917680096072015,3.8827412152978765e-05,0.015686274509803866,0.004550599207605079,1.09923071745065e-18,0.02560145833589731,0.9736560516187762
44,TIA noise,0.009450980392156971,0.0036606304722098565,0.0001164822364589374,0.007843137254901933,0.0013517293873445272,7.765482430595974e-05,0.025338959098868227,0.9744870921284459
44,FULL,0.023372549019607836,0.00664053542337763,-0.0008153756552125871,0.015686274509804088,0.006194402236602605,-0.0008542030673655647,0.025585705266691735,0.9743396488267858
45,Laser RIN,0.01760784313725494,0.005778890152187454,-0.0007377208309066186,0.015686274509804088,0.005293074956459558,-0.0007765482430595963,0.025500706524109677,0.9737660171059691
45,PD dark + shot,0.011980392156862751,0.004934988714480834,0.0005047563579887427,0.007843137254902155,0.004682527953929359,0.00046592894583576496,0.025525627178106053,0.9744514739177097
45,TIA noise,0.009450980392156971,0.003679300664435729,0.0001164822364589374,0.007843137254901933,0.0013517293873445272,7.765482430595974e-05,0.02544146191210726,0.9744316528484112
45,FULL,0.016745098039215645,0.006231485303879513,-0.0005824111822946991,0.015686274509804088,0.0059435117431652085,-0.0006212385944476767,0.025602972761677587,0.9735083576364262
46,Laser RIN,0.012549019607843048,0.0053169872095817396,0.0007377208309066153,0.015686274509804088,0.0043452020449738825,0.0006988934187536376,0.02538732811856759,0.9757437306919962
46,PD dark + shot,0.017294117647058904,0.005006970751917695,-0.0001164822364589429,0.007843137254902155,0.004274543644192702,-0.00015530964861192056,0.025563714468636665,0.9748037397539989
46,TIA noise,0.009450980392156971,0.0036585501251087085,0.00019413706076489714,0.007843137254901933,0.0011036824231063361,0.00015530964861191948,0.025351732225847436,0.9746334444669158
46,FULL,0.012862745098039197,0.005788104736787181,0.0007377208309066141,0.015686274509804088,0.004997134705710326,0.0006988934187536365,0.02543824480191896,0.976044269925519
47,Laser RIN,0.01431372549019605,0.005920490490061573,-0.000504756357988747,0.015686274509803866,0.005235225405764524,-0.0005435837701417247,0.025319903785235943,0.9794664786645755
47,PD dark + shot,0.017294117647058904,0.004977385181947827,-0.0001164822364589407,0.007843137254902155,0.003979383568338252,-0.00015530964861191837,0.025819571368279785,0.9768246735813497
47,TIA noise,0.009450980392156971,0.003723318293227089,-0.00019413706076490262,0.007843137254902044,0.0013517293873445335,-0.00023296447291788029,0.02549949244040375,0.9747729678110747
47,FULL,0.01741176470588246,0.0062182765765259555,-0.0013589594253543042,0.015686274509804088,0.005734902096722732,-0.0013977868375072817,0.02577268494188841,0.9819408713834842
48,Laser RIN,0.013647058823529457,0.005234152801792309,-0.0002717918850708657,0.015686274509804088,0.0051767294311780895,-0.00031061929722384334,0.0254298164864067,0.9732967110775627
48,PD dark + shot,0.013431372549019605,0.005024880899781858,-0.00027179188507086015,0.007843137254902155,0.004810840148082635,-0.0003106192972238378,0.025786449841834803,0.9742455629182902
48,TIA noise,0.009450980392156971,0.0035314873424136077,-3.882741215298316e-05,0.007843137254902044,0.001745075135254841,-7.765482430596084e-05,0.025575693500969218,0.9745947107017431
48,FULL,0.01917647058823535,0.0064829746784585895,-0.00019413706076490042,0.02352941176470602,0.006482666406815098,-0.0002329644729178781,0.02592897924736028,0.9730063304682696
49,Laser RIN,0.017294117647058904,0.005868050301053117,0.0010483401281304553,0.015686274509803866,0.0054629492795842454,0.0010095127159774776,0.025543253611532504,0.9740057486284599
49,PD dark + shot,0.012980392156862752,0.004486340929981455,-0.0003494467093768166,0.007843137254902155,0.003401777691913725,-0.0003882741215297943,0.025624857364930993,0.9762088528600088
49,TIA noise,0.009450980392156971,0.003712260276102951,0.0001164822364589374,0.007843137254901933,0.0007804213256548906,7.765482430595974e-05,0.02533998044900778,0.9746162797521208
49,FULL,0.017294117647058904,0.006279437130533294,0.0004271015336827829,0.015686274509804088,0.005892051798448957,0.00038827412152980524,0.025643594925197202,0.9756942767958094
50,Laser RIN,0.016745098039215645,0.005275011000141493,0.0005047563579887305,0.015686274509803866,0.005176729431178082,0.0004659289458357529,0.02536154074901204,0.9762978550553271
50,PD dark + shot,0.01760784313725494,0.0051057428765302814,-0.00019413706076490262,0.015686274509804088,0.004345202044973893,-0.00023296447291788029,0.025434486023181012,0.9744320821086194
50,TIA noise,0.009450980392156971,0.003550836630270865,0.0001164822364589374,0.007843137254901933,0.0017450751352548362,7.765482430595974e-05,0.025520962322391937,0.9745351907859887
50,FULL,0.019823529411764795,0.0056682212293039744,-0.0003494467093768232,0.015686274509804088,0.005573323041272955,-0.00038827412152980085,0.0254567659250689,0.9761292064002941
51,Laser RIN,0.014745098039215754,0.0056158655772874004,-0.00019413706076489934,0.015686274509804088,0.0052352254057645275,-0.000232964472917877,0.025541952505285008,0.9780633537031117
51,PD dark + shot,0.012980392156862752,0.004973406731357669,-0.0001164822364589396,0.015686274509803866,0.0042745436441927005,-0.00015530964861191725,0.0259377027269149,0.970095255917383
51,TIA noise,0.009450980392156971,0.0035098630298408097,-0.0001164822364589429,0.007843137254902044,0.001560842651309787,-0.00015530964861192056,0.025344624954494587,0.9747232310922449
51,FULL,0.020058823529411685,0.0064329899571867934,-0.000271791885070858,0.015686274509804088,0.006243370605239151,-0.00031061929722383565,0.02596088248139926,0.9737397867186781
52,Laser RIN,0.016745098039215645,0.005975019148287855,-3.8827412152985365e-05,0.015686274509804088,0.00535029905147706,-7.765482430596303e-05,0.025381211897340314,0.982338235277388
52,PD dark + shot,0.01276470588235279,0.004927269165710469,-0.0004271015336827873,0.007843137254902155,0.004274543644192708,-0.00046592894583576496,0.02599375200640077,0.9712639817445423
52,TIA noise,0.009450980392156971,0.003712260276102951,-3.8827412152982065e-05,0.007843137254901933,0.0007804213256548906,-7.765482430595974e-05,0.025450122397266867,0.9747041951539162
52,FULL,0.02423529411764702,0.0069626775761751,-0.0005047563579887449,0.0235294117647058,0.0067586469367226665,-0.0005435837701417226,0.025957753472195567,0.97916041464657
53,Laser RIN,0.014529411764706013,0.005379337402479867,-0.0008930304795185446,0.015686274509803866,0.005057708247077086,-0.0009318578916715222,0.02546243852019948,0.973173382934035
53,PD dark + shot,0.0117647058823529,0.004899688854212809,-0.0003494467093768232,0.007843137254902155,0.0039021066282744665,-0.00038827412152980085,0.025453910715257683,0.9719651376143978
53,TIA noise,0.00768627450980397,0.00348286242624179,3.882741215297767e-05,0.007843137254901933,0.0015608426513097813,0.0,0.02537864558833421,0.9747089489500043
53,FULL,0.015411764705882347,0.00629808048478677,-0.0011259949524364237,0.015686274509803866,0.006194402236602599,-0.0011648223645894015,0.02542988371624728,0.9707207671961292
54,Laser RIN,0.021274509803921537,0.006577639948794342,-0.0010483401281304618,0.015686274509804088,0.005943511743165196,-0.0010871675402834395,0.025509525006397193,0.9775936752303055
54,PD dark + shot,0.012647058823529345,0.005226292452337768,-3.8827412152982065e-05,0.007843137254902155,0.004345202044973879,-7.765482430595974e-05,0.025575767014475753,0.9749331515814901
54,TIA noise,0.00768627450980397,0.0035606856616542406,-0.0001164822364589418,0.007843137254901933,0.0015608426513097813,-0.00015530964861191948,0.025597000930380663,0.9746301332892722
54,FULL,0.021274509803921537,0.007258403453322519,-0.0011259949524364294,0.02352941176470602,0.006482666406815115,-0.0011648223645894069,0.025818239266351215,0.9780286266090392
55,Laser RIN,0.013764705882353012,0.0053864091072263415,-0.0003494467093768232,0.015686274509804088,0.005462949279584256,-0.00038827412152980085,0.025484416657214425,0.9720852986926016
55,PD dark + shot,0.015529411764705903,0.00493097605734334,3.882741215297657e-05,0.015686274509803866,0.004414729692425358,-1.09923071745065e-18,0.025230453478001933,0.9755100011350148
55,TIA noise,0.009450980392156971,0.003606151427002527,3.882741215297657e-05,0.007843137254902044,0.001560842651309787,-1.09923071745065e-18,0.025539854815606968,0.9746304321454631
55,FULL,0.018843137254902054,0.006495879577013265,-0.00042710153368278404,0.015686274509804088,0.006892494523166599,-0.0004659289458357617,0.025389785403442146,0.9730861439748585
56,Laser RIN,0.014098039215686309,0.005050873464914112,0.00042710153368277304,0.015686274509803866,0.004617034827006713,0.00038827412152979537,0.025273330348898185,0.9770690992445711
56,PD dark + shot,0.014529411764706013,0.005032148144724779,-0.00019413706076490923,0.007843137254902155,0.004747117597539257,-0.0002329644729178869,0.025206046860331618,0.9749605968844598
56,TIA noise,0.009450980392156971,0.003712260276102951,-3.8827412152982065e-05,0.007843137254901933,0.0007804213256548906,-7.765482430595974e-05,0.025434760203077864,0.9746605478285247
56,FULL,0.016745098039215645,0.006259765363883679,0.00027179188507085576,0.015686274509804088,0.006095285405766778,0.0002329644729178781,0.025052073476213906,0.9775548525141463
57,Laser RIN,0.01862745098039209,0.006293001411176586,-3.882741215298097e-05,0.015686274509804088,0.005350299051477054,-7.765482430595863e-05,0.025629332255904816,0.9832793716192487
57,PD dark + shot,0.013647058823529457,0.005155009990391423,-0.0005824111822947057,0.007843137254902155,0.004550599207605082,-0.0006212385944476833,0.02567486551011074,0.9740829715908164
57,TIA noise,0.009450980392156971,0.0036842634034565725,3.882741215297657e-05,0.007843137254902044,0.001103682423106344,-1.09923071745065e-18,0.025322434059061528,0.9746068589639016
57,FULL,0.02194117647058824,0.006866003053947609,-0.00066006600660066,0.02352941176470602,0.00629195787969859,-0.0006988934187536376,0.025762263331630383,0.9828324667074525
58,Laser RIN,0.013431372549019605,0.005440693292711332,3.8827412152978765e-05,0.007843137254902155,0.004682527953929356,1.09923071745065e-18,0.02562429320168283,0.9776518840376616
58,PD dark + shot,0.012980392156862752,0.005210536180381805,0.0007377208309066175,0.007843137254902155,0.004873729616622231,0.0006988934187536397,0.025585360319475763,0.9747146096824684
58,TIA noise,0.009450980392156971,0.003606151427002527,0.00019413706076489714,0.007843137254901933,0.0015608426513097813,0.00015530964861191948,0.02531467648499993,0.9743416211826773
58,FULL,0.01917647058823535,0.006494238559559089,0.0005047563579887361,0.015686274509803866,0.005840138435865076,0.0004659289458357584,0.025659405087798046,0.9775724060140494
59,Laser RIN,0.025137254901960837,0.005694218538607186,0.00019413706076489934,0.015686274509803866,0.0048108401480826376,0.00015530964861192167,0.02525796763219621,0.9737302716569113
59,PD dark + shot,0.01198039215686264,0.004502602439362789,0.0004271015336827785,0.007843137254902155,0.00340177769191373,0.00038827412152980085,0.025289760323126975,0.9745915401520341
59,TIA noise,0.00768627450980397,0.0035198267137005507,0.0001164822364589374,0.007843137254901933,0.0013517293873445272,7.765482430595974e-05,0.025420446015473126,0.9747441741174708
59,FULL,0.018058823529411794,0.006177495115528278,0.00019413706076489603,0.015686274509804088,0.005406917549378132,0.00015530964861191837,0.025105986827381816,0.9739368777562574
60,Laser RIN,0.018843137254902054,0.005917403501213801,-0.00034944670937682757,0.015686274509804088,0.005350299051477052,-0.00038827412152980524,0.025396497441862315,0.9742497632192275
60,PD dark + shot,0.01431372549019605,0.00511289518909826,-0.0005047563579887416,0.007843137254902155,0.004617034827006713,-0.0005435837701417192,0.025718884376672448,0.9756040147528602
60,TIA noise,0.009450980392156971,0.0036397734946953943,0.00019413706076489714,0.007843137254901933,0.0011036824231063361,0.00015530964861191948,0.025275551782856814,0.9745998165101157
60,FULL,0.020058823529411685,0.006387144851521921,-0.0008930304795185457,0.0235294117647058,0.006435519116319368,-0.0009318578916715234,0.025525561606883716,0.9753166871434061
61,Laser RIN,0.017078431372549163,0.005587051613868164,0.00019413706076489714,0.015686274509804088,0.0052930749564595436,0.00015530964861191948,0.02531798987358062,0.9707582571032022
61,PD dark + shot,0.013431372549019605,0.004334435206557549,3.882741215297657e-05,0.007843137254902044,0.0034901502705096746,-1.09923071745065e-18,0.025773450652195756,0.9749686221241204
61,TIA noise,0.009450980392156971,0.003538809507800353,-0.00019413706076490262,0.007843137254902044,0.001745075135254841,-0.00023296447291788029,0.025475436030965148,0.9748668394556779
61,FULL,0.02039215686274498,0.006885269633473069,0.00042710153368277195,0.015686274509804088,0.006291957879698575,0.0003882741215297943,0.02570240184700209,0.9714578603843991
62,Laser RIN,0.019490196078431277,0.005839437707574623,-0.00011648223645894509,0.015686274509804088,0.005176729431178098,-0.00015530964861192276,0.02561356180377706,0.9782760181863577
62,PD dark + shot,0.014098039215686309,0.004871639869449052,-0.0011259949524364205,0.015686274509803866,0.004055188162033594,-0.0011648223645893982,0.025680883110630895,0.9776623041795149
62,TIA noise,0.009450980392156971,0.0038150202245026007,3.882741215297767e-05,0.007843137254901933,0.0011036824231063361,0.0,0.025403564010007797,0.9747859484435967
62,FULL,0.021607843137254945,0.006722348460461715,-0.0010483401281304607,0.0235294117647058,0.005943511743165189,-0.0010871675402834384,0.025832199355608963,0.9816029899502154
63,Laser RIN,0.01760784313725494,0.006156261138125546,0.00027179188507085576,0.015686274509804088,0.00487372961662224,0.0002329644729178781,0.0253609855131234,0.9720964427568097
63,PD dark + shot,0.011666666666666714,0.004573066700231869,0.0005047563579887372,0.007843137254902155,0.0038232680644818304,0.0004659289458357595,0.025657819835561296,0.9761328926559034
63,TIA noise,0.009450980392156971,0.0035658134875288,-3.882741215298316e-05,0.007843137254902044,0.0013517293873445335,-7.765482430596084e-05,0.02546783959181586,0.9745425515267127
63,FULL,0.019509803921568647,0.006286222929446227,-0.0001164822364589396,0.015686274509804088,0.005176729431178093,-0.00015530964861191725,0.025621338927151238,0.9736311303216856
64,Laser RIN,0.018058823529411794,0.005558910068671319,0.00019413706076489603,0.015686274509804088,0.004550599207605079,0.00015530964861191837,0.025524035896701717,0.9734838034530445
64,PD dark + shot,0.013431372549019605,0.005394882916916866,0.0005047563579887316,0.007843137254902155,0.004550599207605084,0.000465928945835754,0.025682235769876296,0.9748590494110182
64,TIA noise,0.009450980392156971,0.0036606304722098565,0.0001164822364589374,0.007843137254901933,0.0013517293873445272,7.765482430595974e-05,0.025541434899879988,0.9745747277022491
64,FULL,0.015529411764705903,0.006062048550509149,0.00019413706076489164,0.015686274509803866,0.005057708247077079,0.00015530964861191397,0.025883726475296583,0.9737713060485268
65,Laser RIN,0.015509803921568532,0.0056869941102721585,0.0005047563579887393,0.015686274509804088,0.005518412115531704,0.0004659289458357617,0.025527256467151517,0.9705212066511534
65,PD dark + shot,0.011980392156862751,0.0045161089685771625,0.00027179188507085245,0.007843137254902155,0.004055188162033598,0.0002329644729178748,0.025262442961638695,0.9754771784133037
65,TIA noise,0.009450980392156971,0.0036397734946953943,3.882741215297767e-05,0.007843137254901933,0.0011036824231063361,0.0,0.025285166053958853,0.974519072081754
65,FULL,0.01429411764705879,0.005890064834112002,0.0008153756552125717,0.015686274509804088,0.005840138435865097,0.000776548243059594,0.025210747468157064,0.9713769931015321
66,Laser RIN,0.0117647058823529,0.004561732048140085,0.000271791885070858,0.007843137254902155,0.004055188162033609,0.00023296447291788029,0.02543429760656709,0.977579682025663
66,PD dark + shot,0.011647058823529344,0.004805238746676805,3.882741215297767e-05,0.007843137254902155,0.004682527953929362,0.0,0.02565309109573784,0.9781568807730631
66,TIA noise,0.009450980392156971,0.0035849775108204134,0.0001164822364589363,0.007843137254902044,0.0013517293873445335,7.765482430595863e-05,0.025487785474578254,0.9747161362801274
66,FULL,0.01741176470588246,0.006087364506806391,3.882741215297767e-05,0.015686274509804088,0.006045117594573047,0.0,0.025710217403816505,0.9813226839719377
67,Laser RIN,0.019823529411764795,0.005278473690220114,3.882741215297987e-05,0.015686274509804088,0.004550599207605085,2.1984614349013e-18,0.025416787239705963,0.9752514614872865
67,PD dark + shot,0.012549019607843048,0.005153828368516423,0.00027179188507085684,0.007843137254902155,0.004617034827006716,0.0002329644729178792,0.025233887886714983,0.9785748691053052
67,TIA noise,0.009450980392156971,0.0036726732476051057,0.00019413706076489603,0.007843137254902044,0.001560842651309787,0.00015530964861191837,0.025330679538662398,0.974662020190324
67,FULL,0.019823529411764795,0.00644174164467114,-0.00027179188507086015,0.015686274509804088,0.005518412115531708,-0.0003106192972238378,0.02511714659984382,0.9793624840784197
68,Laser RIN,0.014529411764706013,0.005768605133753685,0.0006600660066006566,0.015686274509804088,0.005057708247077086,0.000621238594447679,0.025334912053307252,0.9739153245568826
68,PD dark + shot,0.012980392156862752,0.004420007830067285,0.0001164822364589363,0.007843137254902155,0.0040551881620336004,7.765482430595863e-05,0.026088224038917463,0.9747558887512784
68,TIA noise,0.00768627450980397,0.0035198267137005533,-3.882741215298316e-05,0.007843137254902044,0.0013517293873445335,-7.765482430596084e-05,0.025416622273619186,0.9746209119859092
68,FULL,0.020607843137254944,0.006249053510161335,0.0006600660066006588,0.015686274509804088,0.005406917549378139,0.0006212385944476812,0.025971945257574326,0.9741549291317569
69,Laser RIN,0.011098039215686306,0.005304945892588637,0.0008930304795185446,0.015686274509804088,0.004873729616622247,0.0008542030673655669,0.02540032958904658,0.9738855105944866
69,PD dark + shot,0.01198039215686264,0.004797627801226314,3.882741215297657e-05,0.007843137254902155,0.004414729692425366,-1.09923071745065e-18,0.025548454131513916,0.972017774149802
69,TIA noise,0.00768627450980397,0.0036158497923322384,0.0001164822364589374,0.007843137254901933,0.0013517293873445272,7.765482430595974e-05,0.025387361971075897,0.9743736162158123
69,FULL,0.018843137254902054,0.006292517476067527,0.00027179188507086015,0.015686274509804088,0.006291957879698608,0.00023296447291788248,0.025471063161478607,0.9711370651313022
70,Laser RIN,0.014960784313725384,0.005764908600141188,0.0001164822364589352,0.015686274509803866,0.005350299051477039,7.765482430595753e-05,0.025539537495324355,0.9735045572170639
70,PD dark + shot,0.012647058823529345,0.004662752102642799,3.8827412152978765e-05,0.007843137254902155,0.003979383568338256,1.09923071745065e-18,0.02561931546331854,0.9748555243533839
70,TIA noise,0.009450980392156971,0.0037740906210821236,0.0001164822364589374,0.007843137254901933,0.0007804213256548906,7.765482430595974e-05,0.025323261526929146,0.974518306072929
70,FULL,0.015196078431372606,0.006100607089609482,-3.882741215298097e-05,0.015686274509803866,0.005892051798448957,-7.765482430595863e-05,0.025618324888457458,0.9693632853452342
71,Laser RIN,0.018058823529411794,0.005797829945026201,-0.0005824111822947002,0.015686274509804088,0.0048108401480826445,-0.0006212385944476779,0.025433183558326543,0.9688472268499779
71,PD dark + shot,0.014647058823529346,0.004739834968739803,-0.0004271015336827785,0.015686274509804088,0.004682527953929359,-0.0004659289458357562,0.025984225762286366,0.9753257032429944
71,TIA noise,0.009450980392156971,0.003509863029840807,0.00019413706076489603,0.007843137254902044,0.001560842651309787,0.00015530964861191837,0.025453578014231433,0.974611528454379
71,FULL,0.018058823529411794,0.006510863987339146,-0.0006600660066006566,0.015686274509804088,0.0058920517984489594,-0.0006988934187536343,0.026006143587595835,0.9696543068405143
72,Laser RIN,0.015529411764705903,0.006390957983742806,0.0008153756552125805,0.015686274509803866,0.005293074956459552,0.0007765482430596028,0.025436997440193967,0.9704934326437459
72,PD dark + shot,0.010117647058823565,0.004406206727872476,0.0005047563579887372,0.007843137254902155,0.0041296014910684005,0.0004659289458357595,0.02565375581317209,0.9726286565868633
72,TIA noise,0.009450980392156971,0.003712260276102951,0.0001164822364589374,0.007843137254901933,0.0007804213256548906,7.765482430595974e-05,0.025471414534159992,0.9745535825712498
72,FULL,0.015529411764705903,0.006489313017314138,0.000582411182294698,0.015686274509803866,0.006095285405766762,0.0005435837701417203,0.025699094291498595,0.9725581505496478
73,Laser RIN,0.017294117647058904,0.005646150755307728,-0.0002717918850708657,0.015686274509803866,0.004810840148082627,-0.00031061929722384334,0.02546030375044101,0.9785885626206617
73,PD dark + shot,0.012980392156862752,0.004896891185542917,0.00019413706076489603,0.007843137254902155,0.0045505992076050866,0.00015530964861191837,0.025567102767063084,0.9768230174093123
73,TIA noise,0.009450980392156971,0.003815020224502603,3.882741215297767e-05,0.007843137254901933,0.0011036824231063361,0.0,0.02541503803845655,0.9745146591936296
73,FULL,0.020607843137254944,0.006450245402842209,0.00027179188507085684,0.015686274509804088,0.005573323041272961,0.0002329644729178792,0.02557847604341194,0.9807974550675369
74,Laser RIN,0.01431372549019605,0.005252447871978778,-0.00027179188507086015,0.015686274509804088,0.005176729431178098,-0.0003106192972238378,0.025547833327782578,0.9746816722044881
74,PD dark + shot,0.01198039215686264,0.004651635992310502,-0.0001164822364589473,0.007843137254902155,0.003660500485154004,-0.00015530964861192495,0.025599743229752454,0.9750917729312729
74,TIA noise,0.009450980392156971,0.0037530527681209637,0.0001164822364589374,0.007843137254901933,0.0013517293873445272,7.765482430595974e-05,0.02555217335771198,0.9745060992645762
74,FULL,0.016725490196078385,0.006158239480453511,-0.00019413706076489934,0.015686274509804088,0.0056815530107056054,-0.000232964472917877,0.02583348452590622,0.9751560782461552
75,Laser RIN,0.016196078431372496,0.004856614173544837,-0.0001164822364589418,0.015686274509803866,0.0046825279539293545,-0.00015530964861191948,0.025355017068832243,0.9772985011412224
75,PD dark + shot,0.010666666666666602,0.004727611935875948,-3.882741215298097e-05,0.007843137254902155,0.004055188162033605,-7.765482430595863e-05,0.02509816138481545,0.9742820910403368
75,TIA noise,0.009450980392156971,0.0036726732476051057,3.882741215297657e-05,0.007843137254902044,0.001560842651309787,-1.09923071745065e-18,0.025464248592593827,0.974619300817582
75,FULL,0.016196078431372496,0.005527871533858844,-0.0004271015336827785,0.015686274509803866,0.005293074956459553,-0.0004659289458357562,0.0250528712430282,0.9770638548774114
76,Laser RIN,0.019490196078431277,0.005343553564719853,0.00019413706076489384,0.015686274509803866,0.0048108401480826245,0.00015530964861191617,0.025499219409815324,0.9773509045441896
76,PD dark + shot,0.013431372549019605,0.004726001288626389,-0.00019413706076490262,0.007843137254902044,0.0039021066282744596,-0.00023296447291788029,0.025263277092590974,0.9747881464386838
76,TIA noise,0.009450980392156971,0.0035658134875288,0.0001164822364589363,0.007843137254902044,0.0013517293873445335,7.765482430595863e-05,0.025359122174668285,0.9746962377134741
76,FULL,0.019490196078431277,0.005607997222944972,0.00019413706076489273,0.015686274509804088,0.0056276982122285945,0.00015530964861191506,0.025255760126559702,0.977700282950784
77,Laser RIN,0.017294117647058904,0.005953318772588381,-0.0008153756552125805,0.015686274509803866,0.0055733230412729476,-0.0008542030673655581,0.025276800947283108,0.9692229494398668
77,PD dark + shot,0.0117647058823529,0.004493123711248176,0.0003494467093768177,0.007843137254902155,0.003660500485153999,0.00031061929722384004,0.025248630272716704,0.9741561567099195
77,TIA noise,0.00768627450980397,0.0035413901868989626,3.882741215297657e-05,0.007843137254902044,0.001560842651309787,-1.09923071745065e-18,0.02543343754148387,0.9744893706665109
77,FULL,0.023588235294117577,0.006410464686950231,-0.0005824111822946991,0.0235294117647058,0.006243370605239135,-0.0006212385944476767,0.025095069291053207,0.9687260215868778
78,Laser RIN,0.015529411764705903,0.005521808342910668,0.00019413706076490373,0.015686274509804088,0.005176729431178093,0.00015530964861192606,0.02558280761196923,0.971568455107394
78,PD dark + shot,0.01198039215686264,0.004617137884669634,-0.00019413706076490812,0.015686274509803866,0.0043452020449738825,-0.0002329644729178858,0.025928624083341446,0.9767445157260854
78,TIA noise,0.009450980392156971,0.0037327122470016618,0.00019413706076489714,0.007843137254901933,0.0011036824231063361,0.00015530964861191948,0.0254136595869009,0.9744579116091329
78,FULL,0.017960784313725497,0.0057262168342405466,0.00019413706076489823,0.015686274509803866,0.005518412115531701,0.00015530964861192056,0.026062229660147616,0.9736422261024361
79,Laser RIN,0.015509803921568532,0.005544923038506799,-0.0005824111822947068,0.015686274509803866,0.005057708247077081,-0.0006212385944476844,0.025334482996989052,0.9722690523700968
79,PD dark + shot,0.0117647058823529,0.0047728084096619995,-0.0001164822364589429,0.007843137254902155,0.003979383568338252,-0.00015530964861192056,0.025827709802777328,0.9750800360677384
79,TIA noise,0.009450980392156971,0.0038261792111372755,3.882741215297767e-05,0.0,0.0,0.0,0.025364557150738334,0.9746453602993579
79,FULL,0.017960784313725497,0.006851350887218572,-0.0006600660066006687,0.015686274509804088,0.006388023861177647,-0.0006988934187536464,0.025659666369655283,0.9728673327881983
80,Laser RIN,0.014529411764706013,0.005353233085227253,-0.0001164822364589396,0.007843137254902155,0.005057708247077081,-0.00015530964861191725,0.025406324247847282,0.9721925297520612
80,PD dark + shot,0.013647058823529346,0.004691400904499208,0.00019413706076489384,0.007843137254902155,0.004129601491068413,0.00015530964861191617,0.025421922448507606,0.9749071576322709
80,TIA noise,0.00768627450980397,0.0035392397516593676,-3.8827412152982065e-05,0.007843137254901933,0.0013517293873445272,-7.765482430595974e-05,0.025370327013495404,0.9747726540696557
80,FULL,0.02039215686274498,0.00649423855955909,0.0003494467093768155,0.015686274509803866,0.0060451175945730375,0.0003106192972238378,0.025332354703168174,0.9727339124859004
81,Laser RIN,0.018490196078431387,0.005860260721065142,-3.8827412152982065e-05,0.015686274509803866,0.004997134705710311,-7.765482430595974e-05,0.02551571194996241,0.978155752362359
81,PD dark + shot,0.012980392156862752,0.0044127676333651005,0.00027179188507086015,0.007843137254902155,0.0039021066282744596,0.00023296447291788248,0.02625247167339421,0.9752477910136089
81,TIA noise,0.009450980392156971,0.003712260276102951,-3.8827412152982065e-05,0.007843137254901933,0.0007804213256548906,-7.765482430595974e-05,0.025329306032002563,0.9745857574466965
81,FULL,0.018490196078431387,0.0062609814603635525,0.00027179188507085906,0.015686274509803866,0.005462949279584241,0.0002329644729178814,0.026235669222649187,0.9788590338647153
82,Laser RIN,0.0245882352941178,0.006112077394328947,3.882741215297327e-05,0.02352941176470602,0.005406917549378128,-4.3969228698026e-18,0.0253704395791089,0.970646579652852
82,PD dark + shot,0.014196078431372494,0.004930358435614798,3.882741215297437e-05,0.007843137254902155,0.0041296014910684005,-3.29769215235195e-18,0.02620035062654112,0.9739964775699801
82,TIA noise,0.009450980392156971,0.0035658134875288,0.0001164822364589363,0.007843137254902044,0.0013517293873445335,7.765482430595863e-05,0.025392077324158168,0.9745363026719664
82,FULL,0.0245882352941178,0.007187784740094104,0.00027179188507085137,0.02352941176470602,0.006575946976148967,0.0002329644729178737,0.0260956598376714,0.9707761001988747
83,Laser RIN,0.0117647058823529,0.005169757476170387,0.001125994952436415,0.007843137254902155,0.0050577082470770725,0.0010871675402834373,0.02542547708899159,0.9736378600445225
83,PD dark + shot,0.01198039215686264,0.004776953929995578,0.0001164822364589374,0.007843137254902155,0.004055188162033594,7.765482430595974e-05,0.02528077141244444,0.9735292197265514
83,TIA noise,0.00768627450980397,0.003560685661654238,3.882741215297767e-05,0.007843137254901933,0.0015608426513097813,0.0,0.025520175574851964,0.9746515438989979
83,FULL,0.015411764705882236,0.005612339748108767,0.0007377208309066141,0.015686274509803866,0.005573323041272945,0.0006988934187536365,0.025361242095250345,0.9726934726082298
84,Laser RIN,0.019509803921568647,0.005627512197494724,-0.00019413706076490262,0.015686274509803866,0.004873729616622233,-0.00023296447291788029,0.025422257880249023,0.9757381547376637
84,PD dark + shot,0.009235294117647008,0.0040274249126342875,0.0001164822364589363,0.007843137254902155,0.0039021066282744687,7.765482430595863e-05,0.025516678096336842,0.973458683378594
84,TIA noise,0.008901960784313823,0.0036468782507177,3.882741215297767e-05,0.007843137254901933,0.0015608426513097813,0.0,0.025274077524051263,0.9746051816021163
84,FULL,0.01739215686274498,0.006164417708049023,-0.000349446709376821,0.015686274509803866,0.005681553010705603,-0.0003882741215297987,0.025347514847501303,0.9746618269271935
85,Laser RIN,0.014647058823529346,0.005735516043540352,0.00019413706076489492,0.015686274509804088,0.0048108401480826376,0.00015530964861191725,0.025384564053415652,0.9730618598995645
85,PD dark + shot,0.013431372549019605,0.004628007857012036,0.00019413706076489603,0.007843137254902155,0.004414729692425363,0.00015530964861191837,0.025619494263676275,0.971805240963298
85,TIA noise,0.00768627450980397,0.0035198267137005533,-3.882741215298316e-05,0.007843137254902044,0.0013517293873445335,-7.765482430596084e-05,0.025379870087973426,0.9746608034441145
85,FULL,0.017078431372549163,0.0068648941361596685,0.0003494467093768133,0.015686274509804088,0.006243370605239151,0.00031061929722383565,0.025521858352367074,0.9703853870881479
86,Laser RIN,0.022823529411764798,0.006304363192327343,3.882741215298097e-05,0.02352941176470602,0.006145043663253376,3.29769215235195e-18,0.02535879815906707,0.9747705931446468
86,PD dark + shot,0.014196078431372494,0.004951314354302353,-0.00027179188507086785,0.015686274509804088,0.0044147296924253645,-0.0003106192972238455,0.02568322061268858,0.9751683451470374
86,TIA noise,0.009450980392156971,0.003803027832731881,-3.8827412152982065e-05,0.007843137254901933,0.0017450751352548362,-7.765482430595974e-05,0.025659698538856843,0.9743194848051335
86,FULL,0.022823529411764798,0.006415450766268686,-0.00042710153368278074,0.02352941176470602,0.006435519116319376,-0.0004659289458357584,0.025836458466048828,0.9751244648017892
87,Laser RIN,0.02039215686274498,0.006462508854363498,0.0008153756552125783,0.02352941176470602,0.0060451175945730315,0.0007765482430596006,0.025539301543314647,0.974163058079136
87,PD dark + shot,0.017294117647058904,0.004722455931037771,0.0002717918850708547,0.007843137254902155,0.004055188162033598,0.000232964472917877,0.024768636096555448,0.9736670375030415
87,TIA noise,0.009450980392156971,0.003639773494695397,-0.0001164822364589429,0.007843137254902044,0.001103682423106344,-0.00015530964861192056,0.02535644565824307,0.9746258129116142
87,FULL,0.02423529411764702,0.007459724201586886,0.0009706853038244967,0.02352941176470602,0.007067015673820812,0.000931857891671519,0.024800850935170708,0.9710149193689315
88,Laser RIN,0.01741176470588246,0.00656675100763492,0.0007377208309066141,0.015686274509804088,0.005892051798448986,0.0006988934187536365,0.025487417852820212,0.9782791464863292
88,PD dark + shot,0.013647058823529346,0.004923868730160921,0.0003494467093768144,0.007843137254902044,0.0039793835683382415,0.00031061929722383673,0.025567618989032297,0.977462207810112
88,TIA noise,0.009450980392156971,0.003639355135935414,3.882741215297657e-05,0.007843137254902044,0.0019116340322409095,-1.09923071745065e-18,0.025483588239371312,0.9744763323835651
88,FULL,0.017078431372549163,0.007493937110624317,0.0005824111822946914,0.015686274509804088,0.0064826664068150935,0.0005435837701417137,0.02567366706577907,0.9811224040485852
89,Laser RIN,0.017843137254901942,0.006035365124215396,0.0003494467093768122,0.015686274509804088,0.005518412115531716,0.0003106192972238345,0.02524752106657754,0.9726083615942273
89,PD dark + shot,0.012215686274509752,0.004659485411332767,0.00034944670937681,0.007843137254902155,0.004682527953929359,0.00031061929722383234,0.02525543493921366,0.9719939528673788
89,TIA noise,0.009450980392156971,0.003712260276102951,0.0001164822364589374,0.007843137254901933,0.0007804213256548906,7.765482430595974e-05,0.02528893825186403,0.9746521869374086
89,FULL,0.018843137254902054,0.0061582394804535106,0.00042710153368277635,0.015686274509804088,0.006095285405766782,0.0003882741215297987,0.02492769238996439,0.9701341211692056
90,Laser RIN,0.018490196078431387,0.0053999608199819015,0.0004271015336827741,0.015686274509803866,0.0053502990514770485,0.00038827412152979646,0.025449743266239607,0.9670137754522683
90,PD dark + shot,0.012215686274509752,0.004534614759115239,0.000116482236458933,0.015686274509803866,0.004345202044973871,7.765482430595533e-05,0.025812595034653833,0.9709185630323302
90,TIA noise,0.009450980392156971,0.0036606304722098565,0.0001164822364589374,0.007843137254901933,0.0013517293873445272,7.765482430595974e-05,0.02550758790004208,0.9748806950011761
90,FULL,0.020588235294117574,0.0062617110048850955,0.0005047563579887372,0.0235294117647058,0.006435519116319356,0.0004659289458357595,0.02590633187975568,0.9644197385502146
91,Laser RIN,0.013764705882353012,0.004944236263457059,-0.00011648223645894399,0.015686274509804088,0.005176729431178086,-0.00015530964861192167,0.025542416036219703,0.9712393962943222
91,PD dark + shot,0.012215686274509752,0.004996315748388026,0.0004271015336827796,0.007843137254902155,0.003902106628274464,0.00038827412152980193,0.024958118053221616,0.9763358833932727
91,TIA noise,0.009450980392156971,0.003606151427002527,3.882741215297657e-05,0.007843137254902044,0.001560842651309787,-1.09923071745065e-18,0.025500606434317338,0.9746068666866262
91,FULL,0.013431372549019605,0.005614780942588117,0.00027179188507085576,0.015686274509803866,0.005350299051477041,0.0002329644729178781,0.025133677244250453,0.973037571629172
92,Laser RIN,0.01431372549019605,0.005170051996803059,-0.00019413706076490262,0.007843137254902155,0.005235225405764526,-0.00023296447291788029,0.025436030329687404,0.9736088588267218
92,PD dark + shot,0.01429411764705879,0.004504969005170786,0.0003494467093768199,0.015686274509803866,0.004414729692425358,0.0003106192972238422,0.025368150547153752,0.9730919191569293
92,TIA noise,0.009450980392156971,0.003712260276102951,0.0001164822364589374,0.007843137254901933,0.0007804213256548906,7.765482430595974e-05,0.025410501651441236,0.974584446500944
92,FULL,0.01431372549019605,0.005853761486272465,0.0004271015336827818,0.015686274509804088,0.006095285405766775,0.00038827412152980415,0.025348874077760958,0.9721460220437665
93,Laser RIN,0.01429411764705879,0.005143477597808272,0.000271791885070858,0.015686274509803866,0.0046170348270067095,0.00023296447291788029,0.02549400973850598,0.9769742077132495
93,PD dark + shot,0.0117647058823529,0.004667647852946382,0.00042710153368277635,0.007843137254902155,0.004055188162033594,0.0003882741215297987,0.02519487695681303,0.9757258811225042
93,TIA noise,0.00768627450980397,0.0033853164534554526,-3.882741215298316e-05,0.007843137254902044,0.001745075135254841,-7.765482430596084e-05,0.025192338640750593,0.9747434436094127
93,FULL,0.019509803921568647,0.006260981460363557,0.0005047563579887327,0.015686274509804088,0.005840138435865088,0.0004659289458357551,0.02501476646463119,0.9783098345516652
94,Laser RIN,0.012980392156862752,0.005201469348463912,0.0005824111822946947,0.007843137254902155,0.004202697457653983,0.000543583770141717,0.02530061952875686,0.9751215897713473
94,PD dark + shot,0.014196078431372494,0.004880071492586255,0.0005824111822946969,0.007843137254902155,0.0042026974576539955,0.0005435837701417192,0.025367387215427674,0.9771078962846921
94,TIA noise,0.009450980392156971,0.0037327122470016618,0.00019413706076489714,0.007843137254901933,0.0011036824231063361,0.00015530964861191948,0.02530980791838292,0.9744597166889091
94,FULL,0.015176470588235236,0.005889806317937394,0.0007377208309066175,0.015686274509804088,0.00523522540576454,0.0006988934187536397,0.025113198208083182,0.97755330573054
95,Laser RIN,0.015196078431372606,0.005177703652930231,0.0007377208309066218,0.007843137254902155,0.0039021066282744752,0.0006988934187536442,0.025392024317174786,0.9754058967977638
95,PD dark + shot,0.011098039215686306,0.004554382829760706,0.0004271015336827785,0.007843137254902155,0.00405518816203359,0.00038827412152980085,0.025416273322507024,0.9758478428069874
95,TIA noise,0.009450980392156971,0.0036606304722098587,-3.882741215298316e-05,0.007843137254902044,0.0013517293873445335,-7.765482430596084e-05,0.025553457610029372,0.9745730774096809
95,FULL,0.019490196078431277,0.005754333990904107,0.0008930304795185468,0.015686274509803866,0.005117564866036238,0.0008542030673655692,0.025496473953282903,0.9766914343641804
96,Laser RIN,0.020058823529411685,0.005314122704132724,-0.00011648223645894399,0.015686274509803866,0.00481084014808263,-0.00015530964861192167,0.025527327445647677,0.9709115615252366
96,PD dark + shot,0.012980392156862752,0.0050424254794888415,-3.8827412152982065e-05,0.007843137254902155,0.004202697457653994,-7.765482430595974e-05,0.025516510948110343,0.9756413805299932
96,TIA noise,0.009450980392156971,0.0037829560313528774,-0.0002717918850708613,0.007843137254901933,0.0015608426513097813,-0.00031061929722383895,0.02554902569436641,0.9746013810313462
96,FULL,0.027901960784313617,0.006507355111964814,-0.0007377208309066241,0.02352941176470602,0.006243370605239158,-0.0007765482430596017,0.025728544072186103,0.9720296125371141
97,Laser RIN,0.016509803921568644,0.005285104171592345,0.00019413706076489714,0.015686274509803866,0.004810840148082634,0.00015530964861191948,0.025376776102193577,0.9769388004694216
97,PD dark + shot,0.012980392156862752,0.004786824913589219,0.0001164822364589374,0.007843137254902155,0.004202697457653989,7.765482430595974e-05,0.024944104375939025,0.9751734607328789
97,TIA noise,0.009450980392156971,0.0035658134875288,0.0001164822364589363,0.007843137254902044,0.0013517293873445335,7.765482430595863e-05,0.025195317590556956,0.9746454913301373
97,FULL,0.016509803921568644,0.006292275494555814,-3.882741215298316e-05,0.015686274509803866,0.00609528540576677,-7.765482430596084e-05,0.02465274180834203,0.9776231631173994
98,Laser RIN,0.01760784313725494,0.0056931488314031446,0.00027179188507086015,0.015686274509804088,0.004747117597539254,0.00023296447291788248,0.025341204641067407,0.9793174442056957
98,PD dark + shot,0.013647058823529457,0.004390975414498531,0.0005047563579887361,0.007843137254902155,0.003823268064481837,0.0004659289458357584,0.02546689562000862,0.9766694358512119
98,TIA noise,0.009450980392156971,0.003776107314719546,3.882741215297767e-05,0.007843137254901933,0.0011036824231063361,0.0,0.0255309502881401,0.9745608025695057
98,FULL,0.016176470588235348,0.005955108850276966,0.0004271015336827796,0.02352941176470602,0.005681553010705604,0.00038827412152980193,0.025473246679909745,0.9814194855431183
99,Laser RIN,0.013647058823529457,0.005345547839990237,0.0001164822364589352,0.015686274509804088,0.005235225405764536,7.765482430595753e-05,0.02549857339123155,0.9724652572246313
99,PD dark + shot,0.012980392156862752,0.004947007157255078,0.0004271015336827829,0.015686274509804088,0.004747117597539262,0.00038827412152980524,0.0246640998345359,0.9734762600927408
99,TIA noise,0.009450980392156971,0.003764799916317372,-0.0001164822364589429,0.007843137254902044,0.001560842651309787,-0.00015530964861192056,0.02544138946790773,0.974498690519368
99,FULL,0.019823529411764795,0.006343369119928053,0.0008153756552125783,0.015686274509804088,0.006340172821417277,0.0007765482430596006,0.024738212376555137,0.97128916729648
100,Laser RIN,0.02039215686274498,0.0060315796334111495,-0.0008153756552125794,0.015686274509803866,0.005117564866036237,-0.000854203067365557,0.025232152674966403,0.9811338346218694
100,PD dark + shot,0.011980392156862751,0.004679702138655764,0.000271791885070858,0.007843137254902155,0.004483179195918781,0.00023296447291788029,0.026055266388411397,0.9736244268126606
100,TIA noise,0.009450980392156971,0.003658550125108711,3.882741215297767e-05,0.007843137254901933,0.0011036824231063361,0.0,0.02531779969254903,0.9745614426228697
100,FULL,0.018509803921568757,0.007001278088254449,-0.0008930304795185435,0.015686274509804088,0.006622094538638056,-0.0009318578916715211,0.025737162231025842,0.9801807561899416
101,Laser RIN,0.014529411764706013,0.006045700038782156,-0.0001164822364589484,0.015686274509803866,0.005057708247077087,-0.00015530964861192606,0.025586905175720848,0.977958431887315
101,PD dark + shot,0.011431372549019603,0.004729222034581916,0.00042710153368277743,0.007843137254902155,0.004345202044973877,0.00038827412152979976,0.025290501962352333,0.9756126757980286
101,TIA noise,0.009450980392156971,0.0039104141497370275,3.882741215297767e-05,0.007843137254901933,0.0011036824231063361,0.0,0.02548956353452038,0.9745280800611597
101,FULL,0.02194117647058824,0.0070772021792505635,-0.0002717918850708613,0.0235294117647058,0.006243370605239146,-0.00031061929722383895,0.0255023417401614,0.9789646222713828
102,Laser RIN,0.014196078431372494,0.0049226316257613605,0.00042710153368277743,0.015686274509803866,0.004345202044973885,0.00038827412152979976,0.025595683932277104,0.972305156981546
102,PD dark + shot,0.01198039215686264,0.004771851239682269,-0.00027179188507086346,0.007843137254902155,0.0038232680644818325,-0.0003106192972238411,0.02523846652941198,0.9729594440407271
102,TIA noise,0.009450980392156971,0.003639773494695397,-0.0001164822364589429,0.007843137254902044,0.001103682423106344,-0.00015530964861192056,0.025387988977725155,0.9745179848359986
102,FULL,0.014196078431372494,0.0051753505021153575,0.000271791885070858,0.015686274509803866,0.004345202044973885,0.00023296447291788029,0.025356006950228268,0.9706420314993041
103,Laser RIN,0.014098039215686309,0.005042727436955724,0.00027179188507085245,0.015686274509803866,0.005117564866036244,0.0002329644729178748,0.025683113180513265,0.9720261105592244
103,PD dark + shot,0.009784313725490268,0.0048065060658938966,0.000271791885070858,0.007843137254902155,0.004202697457653988,0.00023296447291788029,0.025142273038248838,0.9761958515061431
103,TIA noise,0.009450980392156971,0.0037396404375002186,3.882741215297767e-05,0.007843137254901933,0.0011036824231063361,0.0,0.0253226528901774,0.9745824176512156
103,FULL,0.016960784313725608,0.005624264404010521,0.0001164822364589352,0.015686274509804088,0.005681553010705608,7.765482430595753e-05,0.025280699250575685,0.9736720238553092
104,Laser RIN,0.014647058823529346,0.005440693292711331,0.0002717918850708613,0.015686274509804088,0.005350299051477058,0.0002329644729178836,0.025435597546531574,0.9744506065828412
104,PD dark + shot,0.011980392156862751,0.004624716623998541,3.882741215297547e-05,0.007843137254902155,0.004129601491068398,-2.1984614349013e-18,0.025176493865975695,0.9714213713104976
104,TIA noise,0.009450980392156971,0.003702814436519231,3.882741215297657e-05,0.007843137254902044,0.001103682423106344,-1.09923071745065e-18,0.025405254835340948,0.9745633346876212
104,FULL,0.018843137254902054,0.005899363871659348,0.0007377208309066164,0.015686274509804088,0.005462949279584258,0.0006988934187536387,0.025152424887460237,0.9712872488923088
105,Laser RIN,0.023352941176470687,0.006140907375354101,3.882741215298316e-05,0.02352941176470602,0.005406917549378126,5.4961535872532505e-18,0.02542420583250353,0.9786900173995645
105,PD dark + shot,0.013647058823529457,0.004923868730160923,0.0001164822364589319,0.007843137254902155,0.004202697457653988,7.765482430595424e-05,0.02541669761087068,0.9750924081596974
105,TIA noise,0.009450980392156971,0.0037118500872616467,0.00027179188507085576,0.007843137254902044,0.001745075135254841,0.0002329644729178781,0.025412224622824015,0.9744095908050245
105,FULL,0.021274509803921537,0.006758492049288916,-0.0005824111822947024,0.015686274509803866,0.006145043663253356,-0.0006212385944476801,0.02538901058792239,0.9790572520888384
106,Laser RIN,0.014196078431372494,0.005340703308250105,-0.0001164822364589418,0.015686274509803866,0.004682527953929359,-0.00015530964861191948,0.025379575713058697,0.9731929706149536
106,PD dark + shot,0.012980392156862752,0.00467742398077677,-0.0005047563579887382,0.007843137254902155,0.004202697457653986,-0.000543583770141716,0.025683057045869363,0.9770776859195243
106,TIA noise,0.009450980392156971,0.003755891650579692,-3.882741215298316e-05,0.007843137254902044,0.0007804213256549018,-7.765482430596084e-05,0.02525300568471768,0.9745273590133506
106,FULL,0.01684313725490194,0.006266086488295348,-0.0005824111822947002,0.0235294117647058,0.005943511743165189,-0.0006212385944476779,0.0254487373354449,0.9756681906555146
107,Laser RIN,0.015509803921568532,0.005463315089832953,0.0003494467093768177,0.015686274509803866,0.005293074956459549,0.00031061929722384004,0.025477218649357185,0.9780537555440326
107,PD dark + shot,0.010117647058823565,0.004468657516994026,0.0005047563579887372,0.007843137254902155,0.003660500485154004,0.0004659289458357595,0.026122912396067646,0.9746441342436781
107,TIA noise,0.009450980392156971,0.0037942093217855394,3.882741215297767e-05,0.007843137254901933,0.0011036824231063361,0.0,0.02568741763575862,0.9745644129061832
107,FULL,0.023352941176470687,0.006492362603139387,0.0006600660066006588,0.02352941176470602,0.006145043663253376,0.0006212385944476812,0.026423351455374326,0.9781286551442815
108,Laser RIN,0.015529411764705903,0.005355792383001868,0.0008153756552125739,0.015686274509803866,0.004810840148082629,0.0007765482430595963,0.025479599577557265,0.9754787377282229
108,PD dark + shot,0.012980392156862752,0.004739513713838265,-0.0005047563579887382,0.007843137254902155,0.0039021066282744665,-0.000543583770141716,0.025513351167143206,0.9736726440197597
108,TIA noise,0.009450980392156971,0.003925958521376785,0.0001164822364589374,0.007843137254901933,0.0007804213256548906,7.765482430595974e-05,0.025346363642121894,0.9746360095618845
108,FULL,0.015529411764705903,0.005836307847767457,-0.0003494467093768221,0.015686274509803977,0.0053502990514770424,-0.00038827412152979976,0.025474582608715473,0.9746497766234173
109,Laser RIN,0.017294117647058904,0.005419382038207865,-0.0006600660066006665,0.015686274509803866,0.0048737296166222275,-0.0006988934187536442,0.02554865496924257,0.9739583277173334
109,PD dark + shot,0.012647058823529456,0.004732762323620279,0.0007377208309066098,0.007843137254902155,0.004345202044973873,0.000698893418753632,0.02549931583822529,0.9737518885410065
109,TIA noise,0.00768627450980397,0.00359473300250865,3.882741215297767e-05,0.007843137254901933,0.0011036824231063361,0.0,0.025423968812123682,0.974687479017577
109,FULL,0.02194117647058824,0.0061294910213006175,-0.0003494467093768265,0.0235294117647058,0.005994529947100056,-0.00038827412152980415,0.025606997305611535,0.9758732294251711
110,Laser RIN,0.016745098039215645,0.005609083169419868,-0.00042710153368278843,0.015686274509803866,0.004810840148082636,-0.0004659289458357661,0.02535583347256119,0.979853264581141
110,PD dark + shot,0.012647058823529456,0.005173879239372256,0.0005047563579887361,0.007843137254902155,0.004550599207605077,0.0004659289458357584,0.025638940315082688,0.9710410344002458
110,TIA noise,0.008901960784313712,0.003721272991402405,3.882741215297767e-05,0.007843137254901933,0.0015608426513097813,0.0,0.02530164356620802,0.9744601018660358
110,FULL,0.021039215686274426,0.006121536652583151,3.882741215297437e-05,0.015686274509804088,0.005293074956459555,-3.29769215235195e-18,0.02543373500184463,0.9762044502907001
111,Laser RIN,0.02194117647058824,0.005853761486272477,0.0001164822364589374,0.0235294117647058,0.005350299051477052,7.765482430595974e-05,0.025408482278125477,0.9757374834634924
111,PD dark + shot,0.018058823529411794,0.005148211960943209,0.0001164822364589374,0.015686274509804088,0.004202697457653998,7.765482430595974e-05,0.025846620997267918,0.9728502439398952
111,TIA noise,0.009450980392156971,0.003679300664435727,0.0001164822364589374,0.007843137254901933,0.0013517293873445272,7.765482430595974e-05,0.025503924728788468,0.974667908379816
111,FULL,0.01760784313725494,0.006313052003664185,0.0005824111822946991,0.015686274509804088,0.00535029905147705,0.0005435837701417214,0.025892039530957128,0.9741216154653015
112,Laser RIN,0.016196078431372496,0.0061143190675099724,0.00042710153368277635,0.015686274509804088,0.005681553010705603,0.0003882741215297987,0.025398675920341375,0.9742148019580568
112,PD dark + shot,0.012980392156862752,0.004613178817184456,-0.00019413706076490481,0.007843137254902155,0.004055188162033596,-0.00023296447291788248,0.02562251617259375,0.9735425407468377
112,TIA noise,0.009450980392156971,0.0038460254441596326,0.0001164822364589374,0.007843137254901933,0.0007804213256548906,7.765482430595974e-05,0.025403967468606927,0.9743764464393837
112,FULL,0.016294117647058792,0.0066661670305081435,0.0005824111822947013,0.015686274509804088,0.006848169339783036,0.0005435837701417237,0.025560728863126395,0.9722810775271202
113,Laser RIN,0.022823529411764798,0.006517642456535388,-0.0008153756552125827,0.02352941176470602,0.005994529947100064,-0.0008542030673655604,0.025319331240854417,0.9806656451370961
113,PD dark + shot,0.012549019607843048,0.004739834968739809,-0.00034944670937682426,0.007843137254902155,0.003742769195041238,-0.00038827412152980193,0.025270258801722657,0.9785992186057223
113,TIA noise,0.009450980392156971,0.0035849775108204134,-3.8827412152982065e-05,0.007843137254901933,0.0013517293873445272,-7.765482430595974e-05,0.025343605934416456,0.9746980281746151
113,FULL,0.03066666666666673,0.0074294537251431815,-0.0006600660066006621,0.031372549019607954,0.006848169339783035,-0.0006988934187536397,0.02506590592228618,0.9848409858985802
114,Laser RIN,0.018058823529411794,0.005425840329597506,0.0001164822364589341,0.015686274509804088,0.0051175648660362425,7.765482430595643e-05,0.025374010061674723,0.9806555628778765
114,PD dark + shot,0.013862745098039086,0.005289423920711782,0.0008930304795185358,0.015686274509803866,0.004747117597539254,0.0008542030673655581,0.02594401233499715,0.977888773610856
114,TIA noise,0.008901960784313823,0.0037118500872616415,0.0003494467093768166,0.007843137254901933,0.001911634032240905,0.00031061929722383895,0.02533277284416328,0.9744603271895016
114,FULL,0.01862745098039209,0.006891458914337495,0.0005824111822946947,0.015686274509804088,0.006194402236602605,0.000543583770141717,0.025784209661391715,0.9838801457912546
115,Laser RIN,0.01431372549019605,0.006221459018279496,-0.0005047563579887393,0.015686274509804088,0.005892051798448957,-0.000543583770141717,0.025387913413359844,0.9791193988845872
115,PD dark + shot,0.012215686274509752,0.004357209224910493,0.0001164822364589385,0.007843137254902155,0.003576339798771335,7.765482430596084e-05,0.025555942091579013,0.9770539697992303
115,TIA noise,0.00768627450980397,0.0035068249853178407,0.00019413706076489714,0.007843137254901933,0.001911634032240905,0.00015530964861191948,0.02562169372788316,0.9744507233111527
115,FULL,0.018509803921568757,0.006914178949987714,-0.0006600660066006588,0.015686274509804088,0.006388023861177649,-0.0006988934187536365,0.02570064924113215,0.9814966283927583
116,Laser RIN,0.01741176470588246,0.005553703331494154,0.001048340128130451,0.015686274509804088,0.005117564866036236,0.0010095127159774732,0.02539212168824019,0.9758208404293488
116,PD dark + shot,0.013647058823529457,0.004915512233400412,-0.00027179188507085906,0.015686274509804088,0.003979383568338259,-0.00031061929722383673,0.025606424041992166,0.9775467347121242
116,TIA noise,0.009450980392156971,0.0037740906210821236,0.0001164822364589374,0.007843137254901933,0.0007804213256548906,7.765482430595974e-05,0.025295871858439473,0.974657442809722
116,FULL,0.017843137254901942,0.0063077435967197745,0.0001164822364589352,0.015686274509804088,0.00568155301070561,7.765482430595753e-05,0.025428964315187177,0.9788914681612241
117,Laser RIN,0.015529411764705903,0.006394292609128369,3.8827412152971074e-05,0.015686274509804088,0.0056276982122286075,-6.5953843047039e-18,0.025540350696777528,0.9697037036909839
117,PD dark + shot,0.015196078431372606,0.005433972452257147,-0.0005824111822947034,0.007843137254902155,0.004414729692425374,-0.0006212385944476812,0.02587501078346192,0.9736326836882561
117,TIA noise,0.009450980392156971,0.0037599434787202665,0.0001164822364589374,0.007843137254901933,0.0013517293873445272,7.765482430595974e-05,0.02550531398209985,0.9746946591714398
117,FULL,0.02149019607843139,0.007793340754849779,-0.0008153756552125838,0.015686274509804088,0.006667922729321095,-0.0008542030673655615,0.026056447535691342,0.9689231674724255
118,Laser RIN,0.01917647058823535,0.006251489634090146,-0.000271791885070858,0.015686274509804088,0.005293074956459558,-0.00031061929722383565,0.025479436472294257,0.9720115193426181
118,PD dark + shot,0.013647058823529457,0.005231825040527336,-3.882741215298756e-05,0.007843137254902155,0.004483179195918793,-7.765482430596523e-05,0.025530778366410288,0.9734295853803374
118,TIA noise,0.009450980392156971,0.003755891650579692,-3.882741215298316e-05,0.007843137254902044,0.0007804213256549018,-7.765482430596084e-05,0.02544610810835179,0.9746163530583745
118,FULL,0.02149019607843139,0.006885490775017726,-0.0001164822364589352,0.015686274509803866,0.005840138435865081,-0.00015530964861191286,0.02558925270122988,0.9709237632020215
119,Laser RIN,0.01760784313725494,0.0055207052291285355,0.0001164822364589407,0.015686274509804088,0.00535029905147706,7.765482430596303e-05,0.025350263802851748,0.9743965934075551
119,PD dark + shot,0.01100000000000012,0.004368028861363372,-0.00019413706076490812,0.007843137254902155,0.0039021066282744752,-0.0002329644729178858,0.02615343577599136,0.9755356854998674
119,TIA noise,0.009450980392156971,0.003660630472209859,-0.00019413706076490262,0.007843137254902044,0.0013517293873445335,-0.00023296447291788029,0.02552508833237695,0.9746095471488583
119,FULL,0.022803921568627317,0.0057881047367871735,-0.0005047563579887404,0.0235294117647058,0.005573323041272965,-0.0005435837701417181,0.02616184532893888,0.9754074101769358
120,Laser RIN,0.022823529411764798,0.0060685756233773425,-0.00019413706076489934,0.02352941176470602,0.0056815530107056054,-0.000232964472917877,0.0254619222763093,0.9740966064367702
120,PD dark + shot,0.012745098039215641,0.0050145676076059865,0.0005824111822946991,0.015686274509803866,0.004617034827006713,0.0005435837701417214,0.025646179626780355,0.9705081185232781
120,TIA noise,0.009450980392156971,0.0037327122470016618,0.00019413706076489714,0.007843137254901933,0.0011036824231063361,0.00015530964861191948,0.02536416830214019,0.974507097723281
120,FULL,0.022823529411764798,0.006644432300204715,3.8827412152978765e-05,0.02352941176470602,0.006529473270301817,1.09923071745065e-18,0.0256055570047389,0.9699837712660927
121,Laser RIN,0.014098039215686309,0.005384712745081645,0.0001164822364589407,0.015686274509804088,0.005117564866036239,7.765482430596303e-05,0.02548452949033402,0.9779213036181209
121,PD dark + shot,0.01452941176470579,0.0050394049097012865,-3.8827412152978765e-05,0.007843137254902155,0.003742769195041247,-7.765482430595643e-05,0.02564339466866238,0.9749766481385536
121,TIA noise,0.009450980392156971,0.003584977510820416,-3.882741215298316e-05,0.007843137254902044,0.0013517293873445335,-7.765482430596084e-05,0.02538947365943542,0.9746333150698744
121,FULL,0.016196078431372496,0.006162194259698348,-0.0004271015336827818,0.015686274509804088,0.005734902096722746,-0.0004659289458357595,0.025653109665738985,0.9784003407291307
122,Laser RIN,0.021274509803921537,0.005333856478504945,-0.0003494467093768298,0.015686274509803866,0.00448317919591879,-0.00038827412152980746,0.02547634661895974,0.9816590951516873
122,PD dark + shot,0.017294117647058904,0.004581383112714069,0.0001164822364589363,0.007843137254902155,0.0037427691950412422,7.765482430595863e-05,0.02524441888098375,0.9778996392982806
122,TIA noise,0.009450980392156971,0.0037327122470016613,-0.0001164822364589418,0.007843137254901933,0.0011036824231063361,-0.00015530964861191948,0.02560952094493797,0.9748500443729916
122,FULL,0.01862745098039209,0.006272886729502825,-0.0008930304795185468,0.015686274509803866,0.005293074956459545,-0.0009318578916715245,0.02546533916978771,0.985284397406165
123,Laser RIN,0.015529411764705903,0.005421067551637412,0.0004271015336827818,0.015686274509804088,0.004873729616622247,0.00038827412152980415,0.025367557074504533,0.9681278202551488
123,PD dark + shot,0.012647058823529345,0.005684316065983082,0.0001164822364589396,0.007843137254902155,0.004997134705710314,7.765482430596193e-05,0.026345373932307965,0.9726877667997152
123,TIA noise,0.009450980392156971,0.0037688421673214385,-0.0001164822364589418,0.007843137254901933,0.0015608426513097813,-0.00015530964861191948,0.025557773165416034,0.9746129955864953
123,FULL,0.020588235294117574,0.006582730711109513,-0.00019413706076489823,0.0235294117647058,0.006575946976148975,-0.0002329644729178759,0.02640362372104088,0.9663042232881716
124,Laser RIN,0.015745098039215644,0.005090211723042577,0.000582411182294698,0.015686274509803866,0.004617034827006719,0.0005435837701417203,0.025379225802883806,0.9726292111742857
124,PD dark + shot,0.012215686274509752,0.00468588012692017,-0.00042710153368278074,0.007843137254902155,0.0045505992076050805,-0.0004659289458357584,0.02614255830265959,0.9728163051072416
124,TIA noise,0.009450980392156971,0.0036397734946953943,0.00019413706076489714,0.007843137254901933,0.0011036824231063361,0.00015530964861191948,0.025299528775195004,0.9745397289640466
124,FULL,0.01739215686274498,0.0053847127450816455,0.0005047563579887393,0.015686274509804088,0.005406917549378132,0.0004659289458357617,0.0259558851711749,0.970850024799767
125,Laser RIN,0.01862745098039209,0.005569855710939268,0.0005047563579887339,0.015686274509803866,0.005057708247077085,0.0004659289458357562,0.025385757643678914,0.9827972806976395
125,PD dark + shot,0.012980392156862752,0.0050641203971263865,0.000271791885070858,0.007843137254902155,0.004202697457653992,0.00023296447291788029,0.025473325572008234,0.9750505590716513
125,TIA noise,0.009450980392156971,0.00375589165057969,0.0001164822364589374,0.007843137254901933,0.0007804213256548906,7.765482430595974e-05,0.025469217510209648,0.9745349054941156
125,FULL,0.01862745098039209,0.006837558129308601,0.0001164822364589352,0.015686274509804088,0.0062919578796985865,7.765482430595753e-05,0.025462738680781923,0.9832427189629985
126,Laser RIN,0.014980392156862865,0.005148211960943202,0.0001164822364589363,0.015686274509804088,0.004873729616622236,7.765482430595863e-05,0.025484396269507534,0.9707298235436751
126,PD dark + shot,0.013647058823529457,0.004792864822909608,0.000737720830906613,0.015686274509803866,0.004202697457653982,0.0006988934187536354,0.025100107202754227,0.9693296602698555
126,TIA noise,0.00768627450980397,0.003465331036282022,-3.882741215298316e-05,0.007843137254902044,0.001745075135254841,-7.765482430596084e-05,0.02550300826493992,0.9746516677788355
126,FULL,0.02149019607843139,0.006623086054086052,0.0004271015336827708,0.0235294117647058,0.00609528540576677,0.00038827412152979315,0.025220455774189098,0.9656104095626407
127,Laser RIN,0.018294117647058794,0.005943591800704452,0.0003494467093768221,0.015686274509804088,0.005293074956459549,0.00031061929722384443,0.025432216933708403,0.9751235526085963
127,PD dark + shot,0.011647058823529344,0.004198823574922548,0.0002717918850708613,0.007843137254902155,0.0039021066282744752,0.0002329644729178836,0.025375715408442384,0.9734435756007713
127,TIA noise,0.009450980392156971,0.003755486227330163,-3.882741215298316e-05,0.007843137254902044,0.001745075135254841,-7.765482430596084e-05,0.025570359884738846,0.9745951707307767
127,FULL,0.01970588235294124,0.00728374220066539,0.0003494467093768188,0.02352941176470602,0.007067015673820829,0.0003106192972238411,0.025512080005122353,0.9740267479948425
128,Laser RIN,0.018058823529411794,0.00584256589071759,0.00019413706076489714,0.015686274509804088,0.005734902096722752,0.00015530964861191948,0.025388442371810278,0.9692184491076364
128,PD dark + shot,0.01198039215686264,0.004844057157132774,0.00027179188507085576,0.007843137254902155,0.004345202044973877,0.0002329644729178781,0.025928743651851733,0.9718904439388838
128,TIA noise,0.009450980392156971,0.0036397734946953943,0.00019413706076489714,0.007843137254901933,0.0011036824231063361,0.00015530964861191948,0.025391128960693454,0.974564324908388
128,FULL,0.020588235294117574,0.006323896229873977,0.0005824111822946991,0.0235294117647058,0.006194402236602614,0.0005435837701417214,0.025841463488758768,0.9665522181644869
129,Laser RIN,0.015745098039215644,0.0056832444949238845,0.0004271015336827752,0.015686274509803866,0.0049971347057103195,0.00038827412152979754,0.025250544712546362,0.9742239604747625
129,PD dark + shot,0.0117647058823529,0.0041839290908176644,0.00027179188507085684,0.007843137254902155,0.00405518816203359,0.0002329644729178792,0.025516300795051416,0.9754542031577121
129,TIA noise,0.009450980392156971,0.00353148734241361,-3.882741215298316e-05,0.007843137254902044,0.001745075135254841,-7.765482430596084e-05,0.025512798377178278,0.9746328663617817
129,FULL,0.015529411764705903,0.005408131857392402,0.0003494467093768155,0.015686274509803866,0.005176729431178082,0.0003106192972238378,0.02541435551851667,0.9751783139998204
130,Laser RIN,0.02194117647058824,0.005453551752557921,-0.00042710153368277743,0.0235294117647058,0.004935817847274928,-0.0004659289458357551,0.025566336071460343,0.976137526947682
130,PD dark + shot,0.012745098039215641,0.004817896937634872,0.0003494467093768166,0.015686274509803866,0.0038232680644818278,0.00031061929722383895,0.02502155522170267,0.9702278645191651
130,TIA noise,0.009450980392156971,0.003712260276102951,-3.8827412152982065e-05,0.007843137254901933,0.0007804213256548906,-7.765482430595974e-05,0.02523281480856256,0.9745177262548549
130,FULL,0.025450980392156874,0.00628186147161787,3.882741215298097e-05,0.02352941176470602,0.005840138435865095,3.29769215235195e-18,0.02495443745257587,0.9717335405670646
131,Laser RIN,0.017294117647058904,0.005490560073354044,0.0001164822364589374,0.015686274509803866,0.004483179195918783,7.765482430595974e-05,0.02539301335846635,0.9764795280188734
131,PD dark + shot,0.016196078431372496,0.004890045701630915,0.0001164822364589385,0.015686274509803866,0.004055188162033596,7.765482430596084e-05,0.024906930410140953,0.9762177929947465
131,TIA noise,0.009450980392156971,0.0037048699285445424,0.0001164822364589363,0.007843137254902044,0.0013517293873445335,7.765482430595863e-05,0.025334106552532484,0.9744455709475718
131,FULL,0.017294117647058904,0.005881786680827262,-0.00011648223645894619,0.015686274509803866,0.004935817847274919,-0.00015530964861192387,0.024770051550135914,0.9780161315468008
132,Laser RIN,0.017078431372549163,0.005885151084952433,-0.00027179188507086346,0.015686274509804088,0.0056276982122286014,-0.0003106192972238411,0.025417432722444882,0.9750021252525455
132,PD dark + shot,0.015529411764705903,0.004896269264306509,0.0002717918850708547,0.015686274509804088,0.004202697457653989,0.000232964472917877,0.025644434713404336,0.9773407117849582
132,TIA noise,0.009450980392156971,0.0036082619847526,-3.882741215298316e-05,0.007843137254902044,0.001745075135254841,-7.765482430596084e-05,0.025513220944516718,0.9741989698170409
132,FULL,0.020039215686274536,0.0067753679842778945,-0.00034944670937682757,0.02352941176470602,0.006194402236602604,-0.00038827412152980524,0.025708837392193214,0.9774005241231529
133,Laser RIN,0.01862745098039209,0.00563589366800067,0.0008930304795185402,0.015686274509803866,0.0055733230412729476,0.0008542030673655626,0.025509680339135768,0.9828515553411029
133,PD dark + shot,0.012980392156862752,0.004608225199673298,3.882741215297657e-05,0.007843137254902044,0.003979383568338243,-1.09923071745065e-18,0.02563384526320838,0.9748178852570605
133,TIA noise,0.009450980392156971,0.003712260276102951,0.0001164822364589374,0.007843137254901933,0.0007804213256548906,7.765482430595974e-05,0.02536450715800325,0.9746362065784292
133,FULL,0.01862745098039209,0.006194233240188664,0.000893030479518538,0.015686274509803866,0.006095285405766764,0.0008542030673655604,0.02564511243958298,0.9831649904033537
134,Laser RIN,0.019490196078431277,0.00542275254117151,-3.8827412152978765e-05,0.015686274509803866,0.005117564866036236,-7.765482430595643e-05,0.0254754589808295,0.9757102685841574
134,PD dark + shot,0.014529411764706013,0.005122416071151395,-0.00019413706076490593,0.007843137254902155,0.003902106628274471,-0.0002329644729178836,0.025218072798439888,0.9719316072745605
134,TIA noise,0.009450980392156971,0.003660630472209859,-0.00019413706076490262,0.007843137254902044,0.0013517293873445335,-0.00023296447291788029,0.025589420824992954,0.9745499098616792
134,FULL,0.019490196078431277,0.006492831643058214,-0.00011648223645894399,0.015686274509804088,0.006045117594573049,-0.00015530964861192167,0.02541864187197064,0.9730705485818554
135,Laser RIN,0.013960784313725494,0.005364030702692124,0.000271791885070858,0.015686274509804088,0.0046170348270067095,0.00023296447291788029,0.025394424234981793,0.9697296326759839
135,PD dark + shot,0.01452941176470579,0.004830206735073689,3.882741215298097e-05,0.007843137254902155,0.004129601491068413,3.29769215235195e-18,0.025366469414096714,0.9724783072446657
135,TIA noise,0.009450980392156971,0.003774090621082126,-3.8827412152982065e-05,0.007843137254901933,0.0007804213256548906,-7.765482430595974e-05,0.025461527933419374,0.9746981605429988
135,FULL,0.017294117647058904,0.006271672941491318,-0.0007377208309066218,0.015686274509804088,0.0056276982122286014,-0.0007765482430595995,0.025357274786672143,0.9677597141621666
136,Laser RIN,0.019490196078431277,0.005897815050243038,-3.882741215297657e-05,0.015686274509804088,0.004873729616622236,-7.765482430595424e-05,0.02539209619663253,0.9753951433084448
136,PD dark + shot,0.009450980392156971,0.004162767826552982,-3.8827412152978765e-05,0.007843137254902155,0.003902106628274464,-7.765482430595643e-05,0.0258555709627053,0.9719617913148899
136,TIA noise,0.009450980392156971,0.00379420932178554,0.00019413706076489714,0.007843137254901933,0.0011036824231063361,0.00015530964861191948,0.025396417809627682,0.9744515816725746
136,FULL,0.015529411764705903,0.006372825285590517,-0.00027179188507085684,0.015686274509804088,0.005734902096722736,-0.0003106192972238345,0.025778987434134537,0.972668414257693
137,Laser RIN,0.01584313725490205,0.004951929362337053,0.0012813046010483379,0.02352941176470602,0.005176729431178096,0.0012424771888953602,0.025450440884101644,0.9727660626085755
137,PD dark + shot,0.012980392156862752,0.0049562322817603465,3.882741215297547e-05,0.007843137254902155,0.0046825279539293545,-2.1984614349013e-18,0.02567589049880676,0.9771845602227874
137,TIA noise,0.009450980392156971,0.0037327122470016618,3.882741215297767e-05,0.007843137254901933,0.0011036824231063361,0.0,0.025389336922508658,0.9743472701712581
137,FULL,0.01584313725490205,0.005421348419594865,0.00019413706076489823,0.02352941176470602,0.006045117594573049,0.00015530964861192056,0.025650432089125406,0.9751495330562318
138,Laser RIN,0.015529411764705903,0.005812780181928481,-0.0004271015336827785,0.015686274509804088,0.0061450436632533734,-0.0004659289458357562,0.02544476141685917,0.971611254322874
138,PD dark + shot,0.011980392156862751,0.004960224507491904,0.0005047563579887372,0.007843137254902155,0.004274543644192706,0.0004659289458357595,0.02510577276773959,0.9750921798518989
138,TIA noise,0.009450980392156971,0.0036883939185404593,3.882741215297657e-05,0.007843137254902044,0.001560842651309787,-1.09923071745065e-18,0.025378295433276524,0.9744513506517416
138,FULL,0.018058823529411794,0.0063407281626128706,0.0007377208309066164,0.015686274509804088,0.006291957879698596,0.0006988934187536387,0.02506202348793566,0.9704003657285619
139,Laser RIN,0.01429411764705879,0.005762266767141634,0.0008153756552125805,0.02352941176470602,0.00551841211553171,0.0007765482430596028,0.025359165202734013,0.9705226683083136
139,PD dark + shot,0.011980392156862751,0.005479178144829244,0.00019413706076489603,0.007843137254902155,0.004550599207605079,0.00015530964861191837,0.02521678791237445,0.9743752259808454
139,TIA noise,0.009450980392156971,0.0037942093217855394,3.882741215297767e-05,0.007843137254901933,0.0011036824231063361,0.0,0.025530955824144035,0.9745287220869505
139,FULL,0.01760784313725494,0.006515773238335657,0.0006600660066006588,0.015686274509804088,0.0059435117431652085,0.0006212385944476812,0.02524029176055219,0.9702887208815028
140,Laser RIN,0.015529411764705903,0.004917370459918116,3.882741215297547e-05,0.015686274509804088,0.004550599207605088,-2.1984614349013e-18,0.025405396461599377,0.9762724525482026
140,PD dark + shot,0.01276470588235279,0.005171818768384419,0.0006600660066006566,0.007843137254902155,0.004129601491068404,0.000621238594447679,0.025287651238314623,0.9757256432397904
140,TIA noise,0.009450980392156971,0.0038948077402300896,-3.8827412152982065e-05,0.007843137254901933,0.0013517293873445272,-7.765482430595974e-05,0.025176825878845753,0.9744743661387684
140,FULL,0.014529411764706013,0.005552058084249771,0.000582411182294698,0.015686274509804088,0.004873729616622241,0.0005435837701417203,0.02500296375341271,0.9773281350970987
141,Laser RIN,0.014980392156862865,0.005101267588827746,0.00042710153368278074,0.015686274509804088,0.004873729616622241,0.00038827412152980307,0.02549424763974658,0.9756580809025005
141,PD dark + shot,0.0117647058823529,0.004645084677420289,0.0005047563579887361,0.007843137254902155,0.004129601491068402,0.0004659289458357584,0.025910998676505988,0.97453494863556
141,TIA noise,0.009450980392156971,0.0035849775108204164,-0.00019413706076490262,0.007843137254902044,0.0013517293873445335,-0.00023296447291788029,0.025445833835071662,0.9746550414883999
141,FULL,0.014960784313725384,0.0058253400956810395,0.0010483401281304596,0.015686274509804088,0.0055733230412729476,0.0010095127159774821,0.02598776692794142,0.975725389067607
142,Laser RIN,0.01894117647058824,0.0062373468707400586,0.0010483401281304499,0.015686274509803866,0.005462949279584247,0.0010095127159774721,0.025374319151662213,0.9782958819772244
142,PD dark + shot,0.01198039215686264,0.005032148144724773,-3.882741215298866e-05,0.007843137254902155,0.004055188162033594,-7.765482430596632e-05,0.025832527934617436,0.9766583762257035
142,TIA noise,0.009450980392156971,0.003894807740230089,-0.00019413706076490153,0.007843137254901933,0.0013517293873445272,-0.0002329644729178792,0.025759122433393553,0.9746818579634966
142,FULL,0.01894117647058824,0.007061694556237595,0.0012036497767423725,0.015686274509803866,0.005892051798448954,0.001164822364589395,0.026098621866864846,0.9805061135577567
143,Laser RIN,0.021274509803921537,0.005808587508833576,0.0007377208309066196,0.015686274509803866,0.005235225405764521,0.000698893418753642,0.025323143922712326,0.9723548597168563
143,PD dark + shot,0.01198039215686264,0.004792229401461182,-3.882741215298426e-05,0.007843137254902155,0.0043452020449738825,-7.765482430596193e-05,0.025590855275605253,0.9712711326241128
143,TIA noise,0.009450980392156971,0.0037437098544176313,0.00019413706076489714,0.007843137254901933,0.0015608426513097813,0.00015530964861191948,0.025516003498452993,0.9743193912622772
143,FULL,0.019823529411764795,0.006721442380543119,0.0005047563579887393,0.015686274509804088,0.006340172821417256,0.0004659289458357617,0.025565245891909793,0.9688179607669212
144,Laser RIN,0.015745098039215644,0.005547668372860827,0.0008153756552125717,0.015686274509804088,0.005176729431178105,0.000776548243059594,0.025402280172270295,0.9706724612243907
144,PD dark + shot,0.012980392156862752,0.005058705390363547,0.000893030479518538,0.007843137254902155,0.004202697457653983,0.0008542030673655604,0.025079090008689714,0.9732606199158553
144,TIA noise,0.009450980392156971,0.0037740906210821236,0.0001164822364589374,0.007843137254901933,0.0007804213256548906,7.765482430595974e-05,0.02541921814640629,0.9746824203055533
144,FULL,0.020823529411764685,0.006113820988944687,0.0009706853038244955,0.015686274509804088,0.005518412115531704,0.0009318578916715179,0.025036133278936817,0.9694887097750419
145,Laser RIN,0.013647058823529457,0.005387257087989588,0.0003494467093768254,0.015686274509804088,0.005057708247077085,0.00031061929722384774,0.025353303558452372,0.975374691145849
145,PD dark + shot,0.0117647058823529,0.004767701282557174,-0.00011648223645894509,0.007843137254902155,0.0036605004851540082,-0.00015530964861192276,0.025142005915746193,0.9781898138963289
145,TIA noise,0.009450980392156971,0.0036397734946953943,0.00019413706076489714,0.007843137254901933,0.0011036824231063361,0.00015530964861191948,0.025401609911928774,0.9747014249020565
145,FULL,0.015176470588235236,0.005860000890070876,0.0005047563579887427,0.015686274509804088,0.005293074956459553,0.00046592894583576496,0.025031635698800164,0.979135732287613
146,Laser RIN,0.022823529411764798,0.006374258689763694,-0.0006600660066006632,0.02352941176470602,0.005787759454619011,-0.0006988934187536408,0.025464067243700317,0.9800760463595749
146,PD dark + shot,0.01276470588235279,0.005250708230752138,0.0010483401281304564,0.007843137254902155,0.004345202044973879,0.0010095127159774786,0.025019086103921187,0.9718920250512956
146,TIA noise,0.009450980392156971,0.003803027832731881,-0.00019413706076490262,0.007843137254902044,0.0013517293873445335,-0.00023296447291788029,0.02576493592955992,0.9745800544872918
146,FULL,0.025137254901960837,0.007739425439500605,0.0003494467093768133,0.0235294117647058,0.007321000970308014,0.00031061929722383565,0.025381992150817663,0.9773954415904755
147,Laser RIN,0.023352941176470687,0.0056628461183205895,0.0012813046010483344,0.02352941176470602,0.005293074956459555,0.001242477188895357,0.02551615238242041,0.973153294177413
147,PD dark + shot,0.013647058823529457,0.004635240343668739,0.00027179188507085906,0.007843137254902155,0.0037427691950412305,0.0002329644729178814,0.025533677432670834,0.9767833262601763
147,TIA noise,0.00768627450980397,0.003463133372378405,3.882741215297657e-05,0.007843137254902044,0.001560842651309787,-1.09923071745065e-18,0.025294890056118815,0.974660765099978
147,FULL,0.023352941176470687,0.006077100448601383,0.0010483401281304596,0.02352941176470602,0.00568155301070561,0.0010095127159774821,0.025477730448459274,0.9754474598606877
148,Laser RIN,0.018509803921568757,0.005564111933534534,0.0001164822364589374,0.015686274509804088,0.005350299051477058,7.765482430595974e-05,0.025332289806366082,0.973119656118047
148,PD dark + shot,0.011647058823529344,0.004767381905456041,0.0001164822364589385,0.007843137254902155,0.004202697457654,7.765482430596084e-05,0.025087880279125726,0.9707409318720492
148,TIA noise,0.009450980392156971,0.0037327122470016613,-0.0001164822364589418,0.007843137254901933,0.0011036824231063361,-0.00015530964861191948,0.025516560486098204,0.9745997939099489
148,FULL,0.022156862745097983,0.007032742105117032,-0.00027179188507086015,0.015686274509804088,0.006892494523166586,-0.0003106192972238378,0.025073023023725716,0.9693246723278431
149,Laser RIN,0.025137254901960837,0.006657939060883419,-0.0005047563579887459,0.0235294117647058,0.005681553010705589,-0.0005435837701417237,0.025395850293838923,0.9745730715963362
149,PD dark + shot,0.010215686274509861,0.004208965128829253,0.0005047563579887404,0.007843137254902155,0.003979383568338263,0.0004659289458357628,0.026149443184549804,0.9776469817028431
149,TIA noise,0.00768627450980397,0.0036158497923322384,0.0001164822364589374,0.007843137254901933,0.0013517293873445272,7.765482430595974e-05,0.025237037647626404,0.9744097158553202
149,FULL,0.025137254901960837,0.007090314041484897,-0.00019413706076490593,0.015686274509804088,0.006667922729321083,-0.0002329644729178836,0.025917588904410715,0.9774978821546807
150,Laser RIN,0.016745098039215645,0.005969665215958512,3.882741215297437e-05,0.015686274509803866,0.00562769821222859,-3.29769215235195e-18,0.025591925748831224,0.9719093890789015
150,PD dark + shot,0.013647058823529457,0.004906831204997161,3.8827412152971074e-05,0.015686274509804088,0.004550599207605088,-6.5953843047039e-18,0.02473797624179596,0.9722044857040146
150,TIA noise,0.00768627450980397,0.003485047649066689,0.0001164822364589374,0.007843137254901933,0.0017450751352548362,7.765482430595974e-05,0.025383464496615372,0.974494929122596
150,FULL,0.016745098039215645,0.006467690237769249,-0.00019413706076490373,0.015686274509804088,0.006291957879698585,-0.0002329644729178814,0.02484453264106666,0.9714521917627673
151,Laser RIN,0.012980392156862752,0.005228040217971634,-0.00011648223645894509,0.007843137254902155,0.0041296014910684005,-0.00015530964861192276,0.02537283575963954,0.9744117132818172
151,PD dark + shot,0.016196078431372496,0.005052380547297659,0.00019413706076489823,0.015686274509803866,0.004274543644192702,0.00015530964861192056,0.025503676772551602,0.9750287965668039
151,TIA noise,0.009450980392156971,0.003723318293227089,-3.882741215298316e-05,0.007843137254902044,0.0013517293873445335,-7.765482430596084e-05,0.025472236616623227,0.9744495916340754
151,FULL,0.016196078431372496,0.006349607016152768,-3.882741215298756e-05,0.015686274509804088,0.005681553010705606,-7.765482430596523e-05,0.025483266254028938,0.9747466252805702
152,Laser RIN,0.016196078431372496,0.005334141938542391,0.0005824111822947002,0.015686274509804088,0.004873729616622234,0.0005435837701417226,0.02544725816587913,0.973085517746025
152,PD dark + shot,0.012980392156862752,0.004316482238030605,-0.0001164822364589429,0.007843137254902155,0.003660500485154004,-0.00015530964861192056,0.025544959531387537,0.9768999724095409
152,TIA noise,0.009450980392156971,0.0037048699285445424,-3.882741215298316e-05,0.007843137254902044,0.0013517293873445335,-7.765482430596084e-05,0.025523509246061882,0.974649340609875
152,FULL,0.016196078431372496,0.0061463598748924,-0.0001164822364589396,0.015686274509804088,0.005518412115531699,-0.00015530964861191725,0.025649298275652186,0.9754843265679536
153,Laser RIN,0.013647058823529457,0.005534478348346075,-3.882741215297987e-05,0.015686274509804088,0.004747117597539266,-7.765482430595753e-05,0.025606430450802672,0.9720871138087994
153,PD dark + shot,0.013647058823529457,0.005783367641255382,-3.8827412152985365e-05,0.015686274509803866,0.004747117597539261,-7.765482430596303e-05,0.02583357285575186,0.9680695993678126
153,TIA noise,0.00768627450980397,0.0035392397516593654,0.0001164822364589374,0.007843137254901933,0.0013517293873445272,7.765482430595974e-05,0.025477042755821043,0.9746569031291877
153,FULL,0.02149019607843139,0.007128650617096722,-0.0001164822364589429,0.0235294117647058,0.006243370605239166,-0.00015530964861192056,0.026051086577759522,0.9656950881002511
154,Laser RIN,0.01198039215686264,0.005366017367658951,-0.00027179188507086346,0.015686274509803866,0.004935817847274926,-0.0003106192972238411,0.025476620622111222,0.9758223919761453
154,PD dark + shot,0.015509803921568532,0.005262005618237981,0.00019413706076489164,0.015686274509803866,0.004682527953929371,0.00015530964861191397,0.02527246345458257,0.970411860559315
154,TIA noise,0.00768627450980397,0.0034631333723784026,0.00019413706076489714,0.007843137254901933,0.0015608426513097813,0.00015530964861191948,0.025412577256232832,0.9746533682703119
154,FULL,0.017058823529411682,0.006088364951909246,-0.00011648223645895169,0.0235294117647058,0.00604511759457304,-0.00015530964861192937,0.025296636430808647,0.971741517215917
155,Laser RIN,0.014196078431372494,0.006085363123175535,0.0001164822364589385,0.015686274509803866,0.004997134705710326,7.765482430596084e-05,0.0254508580415671,0.9758162372096679
155,PD dark + shot,0.012313725490196048,0.005222212057756284,0.00019413706076489934,0.007843137254902155,0.004414729692425357,0.00015530964861192167,0.025602900425215614,0.9805988462285664
155,TIA noise,0.009450980392156971,0.0037327122470016618,3.882741215297767e-05,0.007843137254901933,0.0011036824231063361,0.0,0.025276599311358058,0.9743765533857256
155,FULL,0.02194117647058824,0.007051769054153865,0.0001164822364589363,0.0235294117647058,0.006194402236602595,7.765482430595863e-05,0.025464568408678667,0.9816655655128842
156,Laser RIN,0.012196078431372603,0.005532276953523737,0.0008153756552125761,0.015686274509804088,0.005057708247077096,0.0007765482430595984,0.025307895299094718,0.9768860651102307
156,PD dark + shot,0.011666666666666714,0.0046441011830839485,-3.882741215298316e-05,0.007843137254902155,0.0037427691950412422,-7.765482430596084e-05,0.024967387211824312,0.9722955803433322
156,TIA noise,0.00768627450980397,0.003465331036282022,-3.882741215298316e-05,0.007843137254902044,0.001745075135254841,-7.765482430596084e-05,0.025502662331870075,0.974634724301164
156,FULL,0.018843137254902054,0.006536538185972379,0.00042710153368277304,0.015686274509804088,0.005681553010705622,0.00038827412152979537,0.024914612787004117,0.9746692218676464
157,Laser RIN,0.014098039215686309,0.005149099169416118,-0.0004271015336827829,0.015686274509803866,0.0041296014910683935,-0.00046592894583576057,0.025370130704111496,0.9740289493439067
157,PD dark + shot,0.012980392156862752,0.004783642950835853,0.0005047563579887339,0.007843137254902155,0.004274543644192704,0.0004659289458357562,0.024971625428655293,0.974449488181225
157,TIA noise,0.009450980392156971,0.003681369285395801,0.00019413706076489714,0.007843137254901933,0.0015608426513097813,0.00015530964861191948,0.025509148680271498,0.9744093258118981
157,FULL,0.014098039215686309,0.006190052952195774,0.0001164822364589341,0.015686274509803866,0.0055733230412729476,7.765482430595643e-05,0.02498346585481621,0.9737519903113876
158,Laser RIN,0.01862745098039209,0.005353801923794634,-3.882741215298316e-05,0.015686274509804088,0.004617034827006721,-7.765482430596084e-05,0.0254631191008699,0.9843214962034496
158,PD dark + shot,0.013647058823529457,0.0052260011012374465,-3.882741215298426e-05,0.007843137254902155,0.005117564866036231,-7.765482430596193e-05,0.025661369316822308,0.9712693712150556
158,TIA noise,0.009450980392156971,0.0035314873424136077,0.0001164822364589363,0.007843137254902044,0.001745075135254841,7.765482430595863e-05,0.02556424815952556,0.9745247971779036
158,FULL,0.014196078431372494,0.005579415533337846,0.00027179188507086015,0.015686274509804088,0.005462949279584258,0.00023296447291788248,0.025824722579213498,0.9809640169909937
159,Laser RIN,0.01917647058823535,0.005968389762279832,0.0005047563579887295,0.015686274509804088,0.00624337060523915,0.0004659289458357518,0.02538470261050868,0.9699776039992309
159,PD dark + shot,0.013647058823529457,0.0052773197126415655,-0.00042710153368278513,0.007843137254902155,0.004274543644192708,-0.0004659289458357628,0.02580403739207201,0.9780760142203326
159,TIA noise,0.009450980392156971,0.0036842634034565678,0.0001164822364589374,0.007843137254901933,0.0013517293873445272,7.765482430595974e-05,0.02548190199186232,0.9748762975962209
159,FULL,0.023352941176470687,0.006728913891072982,3.882741215297217e-05,0.02352941176470602,0.006713438088620006,-5.4961535872532505e-18,0.02580581580255812,0.9737941694661127
160,Laser RIN,0.014196078431372494,0.005665265549365507,0.0004271015336827752,0.007843137254902044,0.004747117597539239,0.00038827412152979754,0.025456815743118238,0.9775270678634305
160,PD dark + shot,0.012215686274509752,0.004593663772293956,-0.0004271015336827829,0.007843137254902155,0.004274543644192696,-0.00046592894583576057,0.025485737497038825,0.9752312263043852
160,TIA noise,0.009450980392156971,0.003723318293227084,0.0001164822364589374,0.007843137254901933,0.0013517293873445272,7.765482430595974e-05,0.02551989273498517,0.9745665121793741
160,FULL,0.014196078431372494,0.005684583927185967,-0.0002717918850708657,0.015686274509804088,0.005518412115531699,-0.00031061929722384334,0.025599124824639097,0.9781895041593588
161,Laser RIN,0.012882352941176345,0.005049064372258204,0.00019413706076489603,0.015686274509803866,0.0050577082470770725,0.00015530964861191837,0.02534941448586017,0.9738383288248686
161,PD dark + shot,0.014529411764706013,0.0048794474275575235,0.0005824111822946914,0.015686274509803866,0.0043452020449738825,0.0005435837701417137,0.025377631884403586,0.9762784724945907
161,TIA noise,0.00768627450980397,0.0036158497923322384,0.0001164822364589374,0.007843137254901933,0.0013517293873445272,7.765482430595974e-05,0.025278464516179405,0.9743492522739374
161,FULL,0.018509803921568757,0.00582403303512359,0.0005047563579887339,0.015686274509804088,0.005734902096722738,0.0004659289458357562,0.025141649398054675,0.975336320080727
162,Laser RIN,0.01739215686274498,0.0055187742494446496,0.00027179188507085684,0.015686274509804088,0.005235225405764524,0.0002329644729178792,0.02545499629151539,0.9746712113862964
162,PD dark + shot,0.011980392156862751,0.0044978655722207024,-0.0002717918850708613,0.007843137254902155,0.004414729692425368,-0.00031061929722383895,0.02561211660646621,0.9748545396063195
162,TIA noise,0.00768627450980397,0.003615849792332238,-3.8827412152982065e-05,0.007843137254901933,0.0013517293873445272,-7.765482430595974e-05,0.025530114472629636,0.9745150408703411
162,FULL,0.01739215686274498,0.005606911066143982,0.0007377208309066218,0.015686274509804088,0.005994529947100067,0.0006988934187536442,0.02573148471857219,0.9749048592052293
163,Laser RIN,0.018843137254902054,0.005419101068334334,0.0004271015336827785,0.015686274509804088,0.005235225405764534,0.00038827412152980085,0.025284686386716264,0.9713805090223991
163,PD dark + shot,0.0117647058823529,0.0048103060202244015,3.882741215297547e-05,0.007843137254902155,0.0041296014910684065,-2.1984614349013e-18,0.02587443229595332,0.9766464198077209
163,TIA noise,0.009450980392156971,0.0037962153276207447,-0.0001164822364589418,0.007843137254901933,0.0015608426513097813,-0.00015530964861191948,0.025587887304945246,0.9745002527604515
163,FULL,0.020058823529411685,0.006577176956834892,-0.0001164822364589484,0.02352941176470602,0.00643551911631937,-0.00015530964861192606,0.025882496486301396,0.973387254016887
164,Laser RIN,0.011862745098039307,0.005618576247986517,-0.00027179188507086015,0.015686274509804088,0.004935817847274924,-0.0003106192972238378,0.025459310075038342,0.9748062745418119
164,PD dark + shot,0.01431372549019605,0.00453259961724171,-0.0003494467093768254,0.007843137254902155,0.00405518816203359,-0.00038827412152980307,0.025558567893230816,0.9758596707692659
164,TIA noise,0.009450980392156971,0.003776107314719548,-0.0001164822364589429,0.007843137254902044,0.001103682423106344,-0.00015530964861192056,0.02567299886460703,0.9745107207308615
164,FULL,0.015529411764705903,0.005858701562248494,-0.0011259949524364205,0.015686274509804088,0.0056815530107055985,-0.0011648223645893982,0.025825753311508392,0.9760271395876446
165,Laser RIN,0.013647058823529457,0.005166516641114699,-0.00019413706076490373,0.015686274509804088,0.005117564866036237,-0.0002329644729178814,0.025461166032845955,0.976984537154323
165,PD dark + shot,0.01198039215686264,0.004783324638141739,0.000271791885070858,0.007843137254902155,0.004345202044973881,0.00023296447291788029,0.025905007044445746,0.9735887000339312
165,TIA noise,0.009450980392156971,0.0037048699285445424,0.0001164822364589363,0.007843137254902044,0.0013517293873445335,7.765482430595863e-05,0.02545348403391041,0.974505749607524
165,FULL,0.019823529411764795,0.006059033683847428,-3.8827412152982065e-05,0.015686274509804088,0.005994529947100074,-7.765482430595974e-05,0.025956197485803117,0.975940246245675
166,Laser RIN,0.017960784313725497,0.00666936405512711,-0.00042710153368278074,0.015686274509804088,0.00614504366325337,-0.0004659289458357584,0.025423187167243566,0.9748997680853226
166,PD dark + shot,0.01452941176470579,0.004982888561825565,-3.882741215299196e-05,0.015686274509803866,0.004202697457653992,-7.765482430596962e-05,0.025298254576273202,0.9773311992756231
166,TIA noise,0.00768627450980397,0.0035198267137005533,-3.882741215298316e-05,0.007843137254902044,0.0013517293873445335,-7.765482430596084e-05,0.02542568172531011,0.9746117055961759
166,FULL,0.02039215686274498,0.007034041032042106,-3.8827412152978765e-05,0.015686274509804088,0.006482666406815095,-7.765482430595643e-05,0.025281439942855647,0.9777000230673053
167,Laser RIN,0.017294117647058904,0.005548766126279884,-0.000582411182294709,0.007843137254902155,0.004935817847274919,-0.0006212385944476867,0.025549370817985945,0.9733613116881783
167,PD dark + shot,0.012549019607843048,0.005228040217971629,0.00019413706076489384,0.007843137254902155,0.0048108401480826245,0.00015530964861191617,0.025920015951862163,0.9759428482551393
167,TIA noise,0.009450980392156971,0.003712260276102951,0.0001164822364589374,0.007843137254901933,0.0007804213256548906,7.765482430595974e-05,0.02534854312449172,0.9747272390237414
167,FULL,0.01917647058823535,0.007125445972864993,-0.0007377208309066273,0.015686274509803866,0.006243370605239135,-0.0007765482430596051,0.025952680671598102,0.9748860330454673
168,Laser RIN,0.019509803921568647,0.005991052237942061,0.0003494467093768221,0.015686274509804088,0.005293074956459552,0.00031061929722384443,0.025463123562802597,0.9753900517150988
168,PD dark + shot,0.018058823529411794,0.005509385578319256,-0.00019413706076490593,0.015686274509804088,0.004747117597539252,-0.0002329644729178836,0.024922855197518183,0.9716736304534672
168,TIA noise,0.009450980392156971,0.0037139005784273113,-0.00019413706076490262,0.007843137254902044,0.001745075135254841,-0.00023296447291788029,0.02562677776991905,0.9745829463342369
168,FULL,0.02149019607843139,0.007207881225197852,-0.000349446709376821,0.015686274509804088,0.006482666406815091,-0.0003882741215297987,0.02514733481909221,0.9725113252898129
169,Laser RIN,0.019823529411764795,0.006300980974386774,-0.0001164822364589473,0.015686274509804088,0.005293074956459552,-0.00015530964861192495,0.025325592048047584,0.9711361995456101
169,PD dark + shot,0.012647058823529456,0.0049405393209802145,3.882741215297657e-05,0.015686274509803866,0.004129601491068404,-1.09923071745065e-18,0.025487976999096076,0.9718615923383986
169,TIA noise,0.009450980392156971,0.003712260276102951,0.0001164822364589374,0.007843137254901933,0.0007804213256548906,7.765482430595974e-05,0.025159396541961705,0.974663098740653
169,FULL,0.027666666666666728,0.007066221128536602,0.0004271015336827752,0.02352941176470602,0.00657594697614898,0.00038827412152979754,0.025107591740798352,0.968547960209009
170,Laser RIN,0.01741176470588246,0.005473061010418705,0.0001164822364589363,0.015686274509804088,0.005235225405764529,7.765482430595863e-05,0.025316363142340637,0.9699401364742201
170,PD dark + shot,0.013431372549019605,0.004733727397470484,-0.0002717918850708657,0.007843137254902155,0.0041296014910683935,-0.00031061929722384334,0.025469002694762884,0.9755293870853282
170,TIA noise,0.009450980392156971,0.0036813692853958037,-0.0001164822364589429,0.007843137254902044,0.001560842651309787,-0.00015530964861192056,0.02551284911268148,0.9745059683419987
170,FULL,0.01741176470588246,0.005763059444200446,-0.00034944670937682426,0.015686274509804088,0.005892051798448957,-0.00038827412152980193,0.025434185218598124,0.9708327322444742
171,Laser RIN,0.016745098039215645,0.005287696444542922,-0.000349446709376821,0.015686274509803866,0.004997134705710321,-0.0003882741215297987,0.02528931103382471,0.9782019620810314
171,PD dark + shot,0.016745098039215645,0.005246937029403772,0.0001164822364589407,0.015686274509803866,0.004747117597539254,7.765482430596303e-05,0.025497308630481337,0.972963424700777
171,TIA noise,0.00768627450980397,0.0035413901868989604,0.00019413706076489714,0.007843137254901933,0.0015608426513097813,0.00015530964861191948,0.025408348738670816,0.9742431141626523
171,FULL,0.0245882352941178,0.006451425593853316,3.8827412152978765e-05,0.02352941176470602,0.006045117594573046,1.09923071745065e-18,0.025329696765014287,0.9762731440832874
172,Laser RIN,0.01862745098039209,0.005381035459192293,3.8827412152978765e-05,0.015686274509803866,0.004682527953929364,1.09923071745065e-18,0.0255999825876207,0.9841227110969136
172,PD dark + shot,0.012313725490196159,0.004779184643837688,-0.0001164822364589407,0.007843137254902155,0.003979383568338252,-0.00015530964861191837,0.025272392037175795,0.9759387463202558
172,TIA noise,0.009450980392156971,0.0036606304722098587,-3.882741215298316e-05,0.007843137254902044,0.0013517293873445335,-7.765482430596084e-05,0.025583557739773,0.9745448106328443
172,FULL,0.01862745098039209,0.0062828309461187655,-0.0007377208309066218,0.015686274509803866,0.005627698212228586,-0.0007765482430595995,0.02559246268754251,0.9854846619666231
173,Laser RIN,0.01431372549019605,0.005732063812602664,0.00019413706076489603,0.015686274509803866,0.004810840148082646,0.00015530964861191837,0.025416798636087156,0.9733551924247885
173,PD dark + shot,0.013647058823529457,0.004751385679050417,-0.0001164822364589429,0.007843137254902155,0.004682527953929364,-0.00015530964861192056,0.02532502399841625,0.9760099787448098
173,TIA noise,0.009450980392156971,0.003509863029840807,0.00019413706076489603,0.007843137254902044,0.001560842651309787,0.00015530964861191837,0.025350665731553392,0.9745155847692967
173,FULL,0.01741176470588246,0.00649681711517022,0.0001164822364589363,0.015686274509804088,0.006095285405766784,7.765482430595863e-05,0.02522514625560151,0.9747557759055842
174,Laser RIN,0.011980392156862751,0.004850967538602823,0.0005824111822946969,0.015686274509803866,0.004202697457653988,0.0005435837701417192,0.025344470418441505,0.9769501183548852
174,PD dark + shot,0.012215686274509752,0.0046601389327871265,-3.8827412152985365e-05,0.007843137254902155,0.004202697457653992,-7.765482430596303e-05,0.025779508380267987,0.9747579268424756
174,TIA noise,0.009450980392156971,0.0037327122470016613,-0.0001164822364589418,0.007843137254901933,0.0011036824231063361,-0.00015530964861191948,0.0256492986487496,0.9746666735075789
174,FULL,0.014647058823529346,0.005772563078701228,0.000815375655212575,0.015686274509804088,0.005518412115531699,0.0007765482430595974,0.02590665965317928,0.9772479393586136
175,Laser RIN,0.01794117647058835,0.006004000047165436,0.0008153756552125717,0.02352941176470602,0.005943511743165206,0.000776548243059594,0.025372746159386526,0.9776784634729727
175,PD dark + shot,0.013196078431372493,0.005357782102737533,0.0003494467093768144,0.007843137254902155,0.004682527953929359,0.00031061929722383673,0.025191725659789308,0.972132254392136
175,TIA noise,0.009450980392156971,0.003744523207101146,0.0001164822364589374,0.007843137254901933,0.0013517293873445272,7.765482430595974e-05,0.025323330934653096,0.9745417030981472
175,FULL,0.019490196078431277,0.0070234260988705135,0.0005047563579887305,0.02352941176470602,0.006803555383827457,0.0004659289458357529,0.025023793922594705,0.975207710603079
176,Laser RIN,0.016745098039215645,0.005595221564232948,0.00042710153368277195,0.015686274509803866,0.0043452020449738825,0.0003882741215297943,0.02536034850390048,0.9717359195441612
176,PD dark + shot,0.012980392156862752,0.0051464370851524634,3.8827412152978765e-05,0.007843137254902155,0.004414729692425358,1.09923071745065e-18,0.02560197543924566,0.974899330583598
176,TIA noise,0.009450980392156971,0.003794209321785542,-0.0001164822364589418,0.007843137254901933,0.0011036824231063361,-0.00015530964861191948,0.02549021356501731,0.9745727754473201
176,FULL,0.016745098039215645,0.006150817415741242,0.00019413706076489492,0.015686274509803866,0.00529307495645955,0.00015530964861191725,0.02558806678270668,0.9720686006573159
177,Laser RIN,0.020058823529411685,0.005898847643038769,0.0004271015336827818,0.02352941176470602,0.0058920517984489594,0.00038827412152980415,0.025511144098991023,0.9704659903437068
177,PD dark + shot,0.012647058823529456,0.005112001697282698,0.00019413706076489492,0.007843137254902155,0.0041296014910684065,0.00015530964861191725,0.025039758845539075,0.9752170086377524
177,TIA noise,0.009450980392156971,0.0036154286652458575,-0.0003494467093768221,0.007843137254902044,0.001745075135254841,-0.00038827412152979976,0.02577333982321703,0.9746237953416089
177,FULL,0.020058823529411685,0.007045288367149464,0.0003494467093768199,0.02352941176470602,0.006435519116319361,0.0003106192972238422,0.02545794758963548,0.971159176094501
178,Laser RIN,0.01639215686274509,0.005380469499832652,0.0013589594253542996,0.015686274509804088,0.004997134705710321,0.001320132013201322,0.025480998380697433,0.9732326444600755
178,PD dark + shot,0.011647058823529344,0.004652945148383881,3.8827412152978765e-05,0.007843137254902044,0.0041296014910683874,1.09923071745065e-18,0.02557977369887519,0.9782908554084038
178,TIA noise,0.009450980392156971,0.0038771754420080613,-3.882741215298316e-05,0.007843137254902044,0.0013517293873445335,-7.765482430596084e-05,0.02557007273722625,0.9747671618255401
178,FULL,0.019490196078431277,0.0058537614862724675,0.00019413706076490042,0.015686274509803866,0.005734902096722722,0.00015530964861192276,0.025765615691877134,0.9771452057006245
179,Laser RIN,0.015529411764705903,0.005966093258526682,-0.00027179188507086237,0.015686274509803866,0.0050577082470770855,-0.00031061929722384004,0.02550758509971649,0.9759510766325079
179,PD dark + shot,0.012313725490196159,0.004663731663848465,-3.882741215297767e-05,0.007843137254902155,0.00448317919591879,-7.765482430595533e-05,0.02561767019509533,0.9706837682659534
179,TIA noise,0.009450980392156971,0.003755891650579692,-3.882741215298316e-05,0.007843137254902044,0.0007804213256549018,-7.765482430596084e-05,0.02545664304887953,0.9746749710394087
179,FULL,0.017843137254901942,0.006047210983775629,-3.8827412152982065e-05,0.015686274509804088,0.005994529947100071,-7.765482430595974e-05,0.025716731844815068,0.9742650587364573
180,Laser RIN,0.01760784313725494,0.005563564597849652,0.0001164822364589418,0.015686274509804088,0.004747117597539252,7.765482430596413e-05,0.025301399765148214,0.9766831597994047
180,PD dark + shot,0.012980392156862752,0.004837136903433704,-0.00019413706076490262,0.007843137254902155,0.004202697457653983,-0.00023296447291788029,0.02531832399924947,0.9775843448905802
180,TIA noise,0.009450980392156971,0.0036585501251087085,0.00019413706076489714,0.007843137254901933,0.0011036824231063361,0.00015530964861191948,0.025464653200928798,0.9746426008019655
180,FULL,0.01760784313725494,0.006736603143960327,-0.0006600660066006654,0.015686274509804088,0.0060952854057667784,-0.0006988934187536431,0.02521963495496737,0.979770278352653
181,Laser RIN,0.01760784313725494,0.005686190829420626,0.0001164822364589363,0.015686274509804088,0.004747117597539257,7.765482430595863e-05,0.02547268193375705,0.9707292385853276
181,PD dark + shot,0.012215686274509752,0.004893469640607107,-0.0004271015336827818,0.007843137254902155,0.004682527953929356,-0.0004659289458357595,0.025053390482075836,0.9757153586539159
181,TIA noise,0.00768627450980397,0.00359473300250865,3.882741215297767e-05,0.007843137254901933,0.0011036824231063361,0.0,0.025390071021616775,0.9745619404607023
181,FULL,0.020058823529411685,0.006390719729634388,0.00019413706076489384,0.015686274509804088,0.005943511743165196,0.00015530964861191617,0.02505164954483637,0.9718751430920218
182,Laser RIN,0.01970588235294124,0.005668489851059096,0.0003494467093768144,0.02352941176470602,0.0058401384358650965,0.00031061929722383673,0.025482162700440313,0.9758509034782649
182,PD dark + shot,0.012647058823529456,0.004686205058583447,0.0001164822364589341,0.007843137254902044,0.0040551881620335874,7.765482430595643e-05,0.0254532512433274,0.9764629885781952
182,TIA noise,0.009450980392156971,0.0037761073147195485,3.882741215297657e-05,0.007843137254902044,0.001103682423106344,-1.09923071745065e-18,0.025461047541016343,0.974407112188857
182,FULL,0.019274509803921536,0.006286222929446218,0.000815375655212575,0.015686274509804088,0.006435519116319367,0.0007765482430595974,0.025531285798851878,0.9775902733942509
183,Laser RIN,0.021039215686274426,0.006120292848612761,0.00066006600660066,0.015686274509804088,0.005406917549378136,0.0006212385944476822,0.02545464903111807,0.9757028375938002
183,PD dark + shot,0.010215686274509861,0.004224492254282285,0.0001164822364589385,0.007843137254902155,0.003742769195041247,7.765482430596084e-05,0.02538543927396011,0.9740938960487975
183,TIA noise,0.00768627450980397,0.00359473300250865,3.882741215297767e-05,0.007843137254901933,0.0011036824231063361,0.0,0.025386056526603525,0.9745118467090895
183,FULL,0.021039215686274426,0.005964817041058257,0.0006600660066006577,0.015686274509803977,0.005293074956459553,0.0006212385944476801,0.02536083314590653,0.9751626502907224
184,Laser RIN,0.015176470588235236,0.005350957126248566,-3.8827412152982065e-05,0.015686274509804088,0.004997134705710335,-7.765482430595974e-05,0.02551302585676845,0.980535179484351
184,PD dark + shot,0.012745098039215641,0.004852850480279034,0.0003494467093768199,0.015686274509804088,0.004414729692425366,0.0003106192972238422,0.025429933942985955,0.9692482636598457
184,TIA noise,0.009450980392156971,0.003712260276102951,0.0001164822364589374,0.007843137254901933,0.0007804213256548906,7.765482430595974e-05,0.025391242461045807,0.9746595779297547
184,FULL,0.02301960784313717,0.005702768972762588,0.00027179188507086015,0.0235294117647058,0.005994529947100081,0.00023296447291788248,0.025468884613209605,0.9751130173558206
185,Laser RIN,0.016745098039215645,0.005678419922741207,0.0004271015336827741,0.015686274509804088,0.005462949279584256,0.00038827412152979646,0.025313892004521242,0.9736290503938917
185,PD dark + shot,0.014529411764706013,0.005410102327824901,0.00019413706076489823,0.007843137254902155,0.004550599207605094,0.00015530964861192056,0.025077618879670333,0.9751389576949038
185,TIA noise,0.009450980392156971,0.003755891650579692,-3.882741215298316e-05,0.007843137254902044,0.0007804213256549018,-7.765482430596084e-05,0.02541191257329077,0.97457427035342
185,FULL,0.01741176470588246,0.0067289138910729745,0.0003494467093768166,0.015686274509804088,0.006340172821417271,0.00031061929722383895,0.024940877371988166,0.9742117900422773
186,Laser RIN,0.0158627450980392,0.005519050145048611,-0.0001164822364589418,0.015686274509804088,0.0042745436441927005,-0.00015530964861191948,0.025420125459087214,0.9788106747966726
186,PD dark + shot,0.012215686274509752,0.004818844961539497,0.0009706853038244944,0.007843137254902155,0.0046825279539293736,0.0009318578916715168,0.025308250356876335,0.9755503108797129
186,TIA noise,0.008901960784313712,0.003648965252190843,-0.00019413706076490262,0.007843137254902044,0.001745075135254841,-0.00023296447291788029,0.025540257028445392,0.9747698553057698
186,FULL,0.019725490196078388,0.006628371631559742,0.0004271015336827785,0.0235294117647058,0.0062919578796985925,0.00038827412152980085,0.02540123000877927,0.9800131480538128
187,Laser RIN,0.015529411764705903,0.0053389924239867085,-3.882741215298316e-05,0.015686274509803866,0.0049971347057103195,-7.765482430596084e-05,0.025553823466011025,0.9799553985806954
187,PD dark + shot,0.015529411764705903,0.004885061142748986,-0.0005824111822947002,0.007843137254902155,0.00441472969242536,-0.0006212385944476779,0.025619960752302474,0.9778593367605557
187,TIA noise,0.009450980392156971,0.0036251022109339464,3.882741215297767e-05,0.007843137254901933,0.0015608426513097813,0.0,0.025504890489556436,0.9746763771130524
187,FULL,0.023372549019607836,0.006825522372784313,-0.000349446709376821,0.015686274509803866,0.006482666406815086,-0.0003882741215297987,0.02581401355867934,0.9833688383364549
188,Laser RIN,0.02403921568627443,0.0062246398329615085,0.000116482236458933,0.0235294117647058,0.005462949279584247,7.765482430595533e-05,0.025582344830880763,0.9737080274087812
188,PD dark + shot,0.017960784313725497,0.004701775370859597,-3.882741215297987e-05,0.015686274509803866,0.0044831791959188015,-7.765482430595753e-05,0.025533084222760235,0.9746684715520739
188,TIA noise,0.009450980392156971,0.0037048699285445424,-3.882741215298316e-05,0.007843137254902044,0.0013517293873445335,-7.765482430596084e-05,0.025535641904955726,0.974512077133305
188,FULL,0.02403921568627443,0.007681366524821596,0.00019413706076490481,0.0235294117647058,0.006980300541019378,0.00015530964861192715,0.02578582945686902,0.9737576008527145
189,Laser RIN,0.014960784313725384,0.006027033906000684,0.0004271015336827785,0.015686274509803866,0.004997134705710318,0.00038827412152980085,0.02535277760701841,0.9798949135025549
189,PD dark + shot,0.011431372549019603,0.004930049595735355,-0.00042710153368278074,0.007843137254902155,0.003979383568338259,-0.0004659289458357584,0.025137931081846917,0.975092723236247
189,TIA noise,0.009450980392156971,0.0035314873424136077,0.0001164822364589363,0.007843137254902044,0.001745075135254841,7.765482430595863e-05,0.02542040986126294,0.9744927103657395
189,FULL,0.01760784313725494,0.0061013558102668035,0.0004271015336827752,0.015686274509804088,0.005117564866036232,0.00038827412152979754,0.025042175743426244,0.9803450636890886
190,Laser RIN,0.013431372549019605,0.005193559533485879,0.00042710153368277304,0.007843137254902155,0.004202697457653988,0.00038827412152979537,0.025400030253620184,0.9761834359326973
190,PD dark + shot,0.012980392156862752,0.005409257928390303,0.00027179188507086346,0.015686274509804088,0.0044831791959187945,0.0002329644729178858,0.02498041115326808,0.9719913962157957
190,TIA noise,0.009450980392156971,0.0037048699285445424,-3.882741215298316e-05,0.007843137254902044,0.0013517293873445335,-7.765482430596084e-05,0.025512227507118606,0.9745259703879681
190,FULL,0.013431372549019605,0.005848556898382133,0.0006600660066006566,0.015686274509803866,0.004935817847274917,0.000621238594447679,0.025027777501788303,0.9735645981869858
191,Laser RIN,0.016745098039215645,0.005919976103706353,0.00019413706076490262,0.015686274509803866,0.004935817847274931,0.00015530964861192495,0.025384947077575545,0.9757678884164516
191,PD dark + shot,0.0117647058823529,0.005002407100800961,0.0004271015336827785,0.007843137254902155,0.004202697457653989,0.00038827412152980085,0.025641950559988108,0.9744950373066954
191,TIA noise,0.00768627450980397,0.0035198267137005507,0.0001164822364589374,0.007843137254901933,0.0013517293873445272,7.765482430595974e-05,0.025417233808773768,0.9746171515163139
191,FULL,0.017294117647058904,0.0070064956834737365,0.0003494467093768177,0.015686274509804088,0.0061450436632533734,0.00031061929722384004,0.02558055220554844,0.9757410729402507
192,Laser RIN,0.01862745098039209,0.005368854185233048,-0.00027179188507086237,0.015686274509803866,0.004550599207605075,-0.00031061929722384004,0.025366363748075126,0.9824957951002907
192,PD dark + shot,0.01198039215686264,0.004890357067870067,0.0005047563579887339,0.007843137254902155,0.004414729692425368,0.0004659289458357562,0.025407353849761956,0.9714237820856043
192,TIA noise,0.009450980392156971,0.003803027832731883,0.0001164822364589374,0.007843137254901933,0.0017450751352548362,7.765482430595974e-05,0.025528663723548374,0.9744952557329928
192,FULL,0.017078431372549163,0.006238323263092543,3.882741215297437e-05,0.015686274509804088,0.0056276982122285945,-3.29769215235195e-18,0.02543571362436571,0.9792862560839882
193,Laser RIN,0.018843137254902054,0.005927173450374927,-0.00011648223645894619,0.015686274509804088,0.005518412115531709,-0.00015530964861192387,0.025533642565965742,0.9738685514999424
193,PD dark + shot,0.013647058823529457,0.004647706311528972,0.0004271015336827741,0.007843137254902155,0.004345202044973876,0.00038827412152979646,0.024926443825907356,0.9754960762168718
193,TIA noise,0.009450980392156971,0.0038460254441596326,0.0001164822364589374,0.007843137254901933,0.0007804213256548906,7.765482430595974e-05,0.025422422650066598,0.9744625169515068
193,FULL,0.018843137254902054,0.006811006679748583,-0.00019413706076490262,0.0235294117647058,0.006758646936722673,-0.00023296447291788029,0.02501696295762763,0.9746871122042379
194,Laser RIN,0.015509803921568532,0.005602836102835113,0.0007377208309066207,0.015686274509804088,0.005462949279584261,0.0006988934187536431,0.02548325287242189,0.9733882035460061
194,PD dark + shot,0.012647058823529456,0.004771213019683962,0.00027179188507085137,0.007843137254902155,0.004483179195918785,0.0002329644729178737,0.025391696193873697,0.9745791001447498
194,TIA noise,0.009450980392156971,0.0037327122470016613,3.882741215297767e-05,0.007843137254901933,0.0011036824231063361,0.0,0.025644805453936586,0.9747807308919987
194,FULL,0.019823529411764795,0.006256602406811375,0.0010483401281304607,0.015686274509804088,0.006095285405766784,0.0010095127159774832,0.025654649614954044,0.9736175184160657
195,Laser RIN,0.018843137254902054,0.006305087717268881,0.0004271015336827741,0.015686274509804088,0.005462949279584257,0.00038827412152979646,0.025397439897121513,0.9759483502002446
195,PD dark + shot,0.013431372549019605,0.005202932809401638,-0.00019413706076490042,0.007843137254902155,0.004202697457653988,-0.0002329644729178781,0.0253704842143889,0.9768940441146626
195,TIA noise,0.009450980392156971,0.0037627771623848357,-3.8827412152982065e-05,0.007843137254901933,0.0013517293873445272,-7.765482430595974e-05,0.02528660267956729,0.9746358711972332
195,FULL,0.025450980392156874,0.006848016477154206,-0.0006600660066006643,0.02352941176470602,0.005994529947100063,-0.000698893418753642,0.02518850216610116,0.9783519322758268
196,Laser RIN,0.015509803921568532,0.005472226325919127,0.0005047563579887372,0.015686274509804088,0.004810840148082646,0.0004659289458357595,0.02523635894870601,0.976032718947947
196,PD dark + shot,0.01486274509803931,0.0049883858701658575,0.0005047563579887361,0.015686274509804088,0.0048108401480826445,0.0004659289458357584,0.025589330030924014,0.9727130529107829
196,TIA noise,0.00768627450980397,0.003463133372378405,3.882741215297657e-05,0.007843137254902044,0.001560842651309787,-1.09923071745065e-18,0.025251981767294044,0.9745973605701826
196,FULL,0.023686274509803984,0.006755562600282953,0.0011259949524364183,0.031372549019607954,0.006622094538638059,0.0010871675402834406,0.025210129943142198,0.9742034702931403
197,Laser RIN,0.019490196078431277,0.005671980776194496,0.000815375655212575,0.015686274509803866,0.004935817847274926,0.0007765482430595974,0.025369024907097953,0.9755506321359286
197,PD dark + shot,0.013647058823529457,0.0046757960455741905,3.882741215297767e-05,0.007843137254902155,0.004550599207605092,0.0,0.025499363878295146,0.973518453949804
197,TIA noise,0.009450980392156971,0.0035871005267801652,-0.0001164822364589429,0.007843137254902044,0.001560842651309787,-0.00015530964861192056,0.025568892077773957,0.9746240604273532
197,FULL,0.014960784313725384,0.006264385274566353,0.00019413706076489714,0.015686274509804088,0.00584013843586509,0.00015530964861191948,0.025571749115664434,0.974548932530652
198,Laser RIN,0.014098039215686309,0.005375656439520554,-0.0005047563579887372,0.015686274509803866,0.004747117597539249,-0.0005435837701417149,0.025497185609580423,0.9793585417255246
198,PD dark + shot,0.012549019607843048,0.005143181555411784,3.882741215297657e-05,0.007843137254902155,0.003979383568338252,-1.09923071745065e-18,0.025170868235157795,0.9743563282232227
198,TIA noise,0.00768627450980397,0.003615849792332238,-3.8827412152982065e-05,0.007843137254901933,0.0013517293873445272,-7.765482430595974e-05,0.025559208304326137,0.974568172396526
198,FULL,0.02039215686274498,0.0062497844470463665,-0.0005047563579887404,0.015686274509804088,0.005892051798448967,-0.0005435837701417181,0.025361882216509375,0.9791531961161402
199,Laser RIN,0.01970588235294124,0.005281645828513161,0.0006600660066006665,0.02352941176470602,0.005518412115531706,0.0006212385944476889,0.025359709100439297,0.9740666257049
199,PD dark + shot,0.0117647058823529,0.004817580888209742,-0.0001164822364589385,0.015686274509803866,0.0039793835683382475,-0.00015530964861191617,0.025304441623292474,0.9758967652479396
199,TIA noise,0.00768627450980397,0.003485047649066689,0.0001164822364589374,0.007843137254901933,0.0017450751352548362,7.765482430595974e-05,0.025460360947315148,0.9744066453368566
199,FULL,0.01970588235294124,0.0061934957473284095,0.0003494467093768232,0.02352941176470602,0.006145043663253361,0.0003106192972238455,0.02526045153855587,0.9752414909897965
